track,src_path,train_path
00_core_src,src/position_aware_padim/__init__.py,00_core_src/src/position_aware_padim/__init__.py
00_core_src,src/position_aware_padim/backbone_registry_scaffold.py,00_core_src/src/position_aware_padim/backbone_registry_scaffold.py
00_core_src,src/position_aware_padim/candidate_card_generator.py,00_core_src/src/position_aware_padim/candidate_card_generator.py
00_core_src,src/position_aware_padim/candidate_ranker.py,00_core_src/src/position_aware_padim/candidate_ranker.py
00_core_src,src/position_aware_padim/config_manager.py,00_core_src/src/position_aware_padim/config_manager.py
00_core_src,src/position_aware_padim/csv_validator.py,00_core_src/src/position_aware_padim/csv_validator.py
00_core_src,src/position_aware_padim/data_loader.py,00_core_src/src/position_aware_padim/data_loader.py
00_core_src,src/position_aware_padim/data_validator.py,00_core_src/src/position_aware_padim/data_validator.py
00_core_src,src/position_aware_padim/evaluator.py,00_core_src/src/position_aware_padim/evaluator.py
00_core_src,src/position_aware_padim/feature_extractor.py,00_core_src/src/position_aware_padim/feature_extractor.py
00_core_src,src/position_aware_padim/feature_extractor_effnet_b0_scaffold.py,00_core_src/src/position_aware_padim/feature_extractor_effnet_b0_scaffold.py
00_core_src,src/position_aware_padim/feature_extractor_resnet50_scaffold.py,00_core_src/src/position_aware_padim/feature_extractor_resnet50_scaffold.py
00_core_src,src/position_aware_padim/heatmap_generator.py,00_core_src/src/position_aware_padim/heatmap_generator.py
00_core_src,src/position_aware_padim/hu_stat_baseline.py,00_core_src/src/position_aware_padim/hu_stat_baseline.py
00_core_src,src/position_aware_padim/padim_model.py,00_core_src/src/position_aware_padim/padim_model.py
00_core_src,src/position_aware_padim/padim_model_resnet50_scaffold.py,00_core_src/src/position_aware_padim/padim_model_resnet50_scaffold.py
00_core_src,src/position_aware_padim/path_resolver.py,00_core_src/src/position_aware_padim/path_resolver.py
00_core_src,src/position_aware_padim/patient_splitter.py,00_core_src/src/position_aware_padim/patient_splitter.py
00_core_src,src/position_aware_padim/preprocessing.py,00_core_src/src/position_aware_padim/preprocessing.py
00_core_src,src/position_aware_padim/preprocessing_scaffold.py,00_core_src/src/position_aware_padim/preprocessing_scaffold.py
00_core_src,src/position_aware_padim/run_tag_paths_scaffold.py,00_core_src/src/position_aware_padim/run_tag_paths_scaffold.py
00_core_src,src/position_aware_padim/score_aggregator.py,00_core_src/src/position_aware_padim/score_aggregator.py
00_core_src,src/second_stage_verifier/__init__.py,00_core_src/src/second_stage_verifier/__init__.py
00_core_src,src/second_stage_verifier/data/__init__.py,00_core_src/src/second_stage_verifier/data/__init__.py
00_core_src,src/second_stage_verifier/data/s6a_dataset.py,00_core_src/src/second_stage_verifier/data/s6a_dataset.py
01_first_stage_padim,experiments/efficientnet_b0_imagenet_chestwall_removed_roi_v1/code/p_b10_normal_test_sanity.py,01_first_stage_padim/experiments/efficientnet_b0_imagenet_chestwall_removed_roi_v1/code/p_b10_normal_test_sanity.py
01_first_stage_padim,experiments/efficientnet_b0_imagenet_chestwall_removed_roi_v1/code/p_b11_lesion_stage1_dev_scoring.py,01_first_stage_padim/experiments/efficientnet_b0_imagenet_chestwall_removed_roi_v1/code/p_b11_lesion_stage1_dev_scoring.py
01_first_stage_padim,experiments/efficientnet_b0_imagenet_chestwall_removed_roi_v1/code/p_b2_5_lesion_roi_identity_recheck.py,01_first_stage_padim/experiments/efficientnet_b0_imagenet_chestwall_removed_roi_v1/code/p_b2_5_lesion_roi_identity_recheck.py
01_first_stage_padim,experiments/efficientnet_b0_imagenet_chestwall_removed_roi_v1/code/p_b2_6_v4_20_source_lock.py,01_first_stage_padim/experiments/efficientnet_b0_imagenet_chestwall_removed_roi_v1/code/p_b2_6_v4_20_source_lock.py
01_first_stage_padim,experiments/efficientnet_b0_imagenet_chestwall_removed_roi_v1/code/p_b2_roi_shape_coverage_validation.py,01_first_stage_padim/experiments/efficientnet_b0_imagenet_chestwall_removed_roi_v1/code/p_b2_roi_shape_coverage_validation.py
01_first_stage_padim,experiments/efficientnet_b0_imagenet_chestwall_removed_roi_v1/code/p_b3_lesion_safety_validation.py,01_first_stage_padim/experiments/efficientnet_b0_imagenet_chestwall_removed_roi_v1/code/p_b3_lesion_safety_validation.py
01_first_stage_padim,experiments/efficientnet_b0_imagenet_chestwall_removed_roi_v1/code/p_b4_train_smoke_limit1.py,01_first_stage_padim/experiments/efficientnet_b0_imagenet_chestwall_removed_roi_v1/code/p_b4_train_smoke_limit1.py
01_first_stage_padim,experiments/efficientnet_b0_imagenet_chestwall_removed_roi_v1/code/p_b5_train_smoke_limit5.py,01_first_stage_padim/experiments/efficientnet_b0_imagenet_chestwall_removed_roi_v1/code/p_b5_train_smoke_limit5.py
01_first_stage_padim,experiments/efficientnet_b0_imagenet_chestwall_removed_roi_v1/code/p_b6_full_train_preflight.py,01_first_stage_padim/experiments/efficientnet_b0_imagenet_chestwall_removed_roi_v1/code/p_b6_full_train_preflight.py
01_first_stage_padim,experiments/efficientnet_b0_imagenet_chestwall_removed_roi_v1/code/p_b7_full_train.py,01_first_stage_padim/experiments/efficientnet_b0_imagenet_chestwall_removed_roi_v1/code/p_b7_full_train.py
01_first_stage_padim,experiments/efficientnet_b0_imagenet_chestwall_removed_roi_v1/code/p_b8_distribution_validation.py,01_first_stage_padim/experiments/efficientnet_b0_imagenet_chestwall_removed_roi_v1/code/p_b8_distribution_validation.py
01_first_stage_padim,experiments/efficientnet_b0_imagenet_chestwall_removed_roi_v1/code/p_b9_normal_val_threshold.py,01_first_stage_padim/experiments/efficientnet_b0_imagenet_chestwall_removed_roi_v1/code/p_b9_normal_val_threshold.py
01_first_stage_padim,experiments/efficientnet_b0_imagenet_chestwall_removed_roi_v1/code/p_b_s2h_stage2_holdout_scoring.py,01_first_stage_padim/experiments/efficientnet_b0_imagenet_chestwall_removed_roi_v1/code/p_b_s2h_stage2_holdout_scoring.py
01_first_stage_padim,experiments/efficientnet_b0_imagenet_chestwall_removed_roi_v1/scripts/p_b12_score_artifact_validation.py,01_first_stage_padim/experiments/efficientnet_b0_imagenet_chestwall_removed_roi_v1/scripts/p_b12_score_artifact_validation.py
01_first_stage_padim,experiments/efficientnet_b0_imagenet_chestwall_removed_roi_v1/scripts/p_b13_stage1_dev_metrics.py,01_first_stage_padim/experiments/efficientnet_b0_imagenet_chestwall_removed_roi_v1/scripts/p_b13_stage1_dev_metrics.py
01_first_stage_padim,experiments/efficientnet_b0_imagenet_chestwall_removed_roi_v1/scripts/p_b14_v4_20_vs_roi0_0_comparison.py,01_first_stage_padim/experiments/efficientnet_b0_imagenet_chestwall_removed_roi_v1/scripts/p_b14_v4_20_vs_roi0_0_comparison.py
01_first_stage_padim,experiments/efficientnet_b0_imagenet_chestwall_removed_roi_v1/scripts/p_b16_patch_roi_coverage_audit.py,01_first_stage_padim/experiments/efficientnet_b0_imagenet_chestwall_removed_roi_v1/scripts/p_b16_patch_roi_coverage_audit.py
01_first_stage_padim,experiments/efficientnet_b0_imagenet_v1/code/p_a67b_smoke_test.py,01_first_stage_padim/experiments/efficientnet_b0_imagenet_v1/code/p_a67b_smoke_test.py
01_first_stage_padim,experiments/efficientnet_b0_imagenet_v1/code/p_a69_train_smoke_limit1.py,01_first_stage_padim/experiments/efficientnet_b0_imagenet_v1/code/p_a69_train_smoke_limit1.py
01_first_stage_padim,experiments/efficientnet_b0_imagenet_v1/code/p_a70_train_smoke_limit5.py,01_first_stage_padim/experiments/efficientnet_b0_imagenet_v1/code/p_a70_train_smoke_limit5.py
01_first_stage_padim,experiments/efficientnet_b0_imagenet_v1/code/p_a72_full_train.py,01_first_stage_padim/experiments/efficientnet_b0_imagenet_v1/code/p_a72_full_train.py
01_first_stage_padim,experiments/efficientnet_b0_imagenet_v1/code/p_a73_normal_val_threshold.py,01_first_stage_padim/experiments/efficientnet_b0_imagenet_v1/code/p_a73_normal_val_threshold.py
01_first_stage_padim,experiments/efficientnet_b0_imagenet_v1/code/p_a74_normal_test_sanity.py,01_first_stage_padim/experiments/efficientnet_b0_imagenet_v1/code/p_a74_normal_test_sanity.py
01_first_stage_padim,experiments/efficientnet_b0_imagenet_v1/code/p_a75_5_score_artifact_validation.py,01_first_stage_padim/experiments/efficientnet_b0_imagenet_v1/code/p_a75_5_score_artifact_validation.py
01_first_stage_padim,experiments/efficientnet_b0_imagenet_v1/code/p_a75_lesion_stage1_dev_scoring.py,01_first_stage_padim/experiments/efficientnet_b0_imagenet_v1/code/p_a75_lesion_stage1_dev_scoring.py
01_first_stage_padim,experiments/efficientnet_b0_imagenet_v1/code/p_a80_stage2_holdout_scoring.py,01_first_stage_padim/experiments/efficientnet_b0_imagenet_v1/code/p_a80_stage2_holdout_scoring.py
01_first_stage_padim,experiments/padim_roi_boundary_ratio_filter_sweep_v1/scripts/padim_roi_boundary_filter_sweep_preflight.py,01_first_stage_padim/experiments/padim_roi_boundary_ratio_filter_sweep_v1/scripts/padim_roi_boundary_filter_sweep_preflight.py
01_first_stage_padim,experiments/padim_score_distribution_lesion_roi_boundary_v1/scripts/padim_score_distribution_lesion_roi_boundary.py,01_first_stage_padim/experiments/padim_score_distribution_lesion_roi_boundary_v1/scripts/padim_score_distribution_lesion_roi_boundary.py
01_first_stage_padim,experiments/resnet18_imagenet_rand224_v1/code/p_a53_generate_rand224_indices.py,01_first_stage_padim/experiments/resnet18_imagenet_rand224_v1/code/p_a53_generate_rand224_indices.py
01_first_stage_padim,experiments/resnet18_imagenet_rand224_v1/code/p_a54_train_smoke_limit1.py,01_first_stage_padim/experiments/resnet18_imagenet_rand224_v1/code/p_a54_train_smoke_limit1.py
01_first_stage_padim,experiments/resnet18_imagenet_rand224_v1/code/p_a55_train_smoke_limit5.py,01_first_stage_padim/experiments/resnet18_imagenet_rand224_v1/code/p_a55_train_smoke_limit5.py
01_first_stage_padim,experiments/resnet18_imagenet_rand224_v1/code/p_a56_full_train_preflight.py,01_first_stage_padim/experiments/resnet18_imagenet_rand224_v1/code/p_a56_full_train_preflight.py
01_first_stage_padim,experiments/resnet18_imagenet_rand224_v1/code/p_a57_5_distribution_validation.py,01_first_stage_padim/experiments/resnet18_imagenet_rand224_v1/code/p_a57_5_distribution_validation.py
01_first_stage_padim,experiments/resnet18_imagenet_rand224_v1/code/p_a57_full_train.py,01_first_stage_padim/experiments/resnet18_imagenet_rand224_v1/code/p_a57_full_train.py
01_first_stage_padim,experiments/resnet18_imagenet_rand224_v1/code/p_a58_normal_val_threshold.py,01_first_stage_padim/experiments/resnet18_imagenet_rand224_v1/code/p_a58_normal_val_threshold.py
01_first_stage_padim,experiments/resnet18_imagenet_rand224_v1/code/p_a59_normal_test_sanity.py,01_first_stage_padim/experiments/resnet18_imagenet_rand224_v1/code/p_a59_normal_test_sanity.py
01_first_stage_padim,experiments/resnet18_imagenet_rand224_v1/code/p_a60_5_score_artifact_validation.py,01_first_stage_padim/experiments/resnet18_imagenet_rand224_v1/code/p_a60_5_score_artifact_validation.py
01_first_stage_padim,experiments/resnet18_imagenet_rand224_v1/code/p_a60_lesion_stage1_dev_scoring.py,01_first_stage_padim/experiments/resnet18_imagenet_rand224_v1/code/p_a60_lesion_stage1_dev_scoring.py
01_first_stage_padim,experiments/resnet18_imagenet_rand224_v1/code/ws_paths.py,01_first_stage_padim/experiments/resnet18_imagenet_rand224_v1/code/ws_paths.py
01_first_stage_padim,scripts/build_normal_padim_ready_roi0_0_from_final_all.py,01_first_stage_padim/scripts/build_normal_padim_ready_roi0_0_from_final_all.py
01_first_stage_padim,scripts/p_a47_5_hold_pool_re_review.py,01_first_stage_padim/scripts/p_a47_5_hold_pool_re_review.py
01_first_stage_padim,scripts/p_a47_soft_penalty_design_preflight.py,01_first_stage_padim/scripts/p_a47_soft_penalty_design_preflight.py
01_first_stage_padim,scripts/p_a48_soft_penalty_weight_design_preflight.py,01_first_stage_padim/scripts/p_a48_soft_penalty_weight_design_preflight.py
01_first_stage_padim,scripts/p_a62_random100_vs_random224_comparison.py,01_first_stage_padim/scripts/p_a62_random100_vs_random224_comparison.py
01_first_stage_padim,scripts/phase5_74_first_stage_padim_2d_cluster_dry_run.py,01_first_stage_padim/scripts/phase5_74_first_stage_padim_2d_cluster_dry_run.py
01_first_stage_padim,scripts/score_padim.py,01_first_stage_padim/scripts/score_padim.py
01_first_stage_padim,scripts/score_padim_resnet50_scaffold_drycheck.py,01_first_stage_padim/scripts/score_padim_resnet50_scaffold_drycheck.py
01_first_stage_padim,scripts/smoke_resnet50_backbone_config.py,01_first_stage_padim/scripts/smoke_resnet50_backbone_config.py
01_first_stage_padim,scripts/train_hu_stat.py,01_first_stage_padim/scripts/train_hu_stat.py
01_first_stage_padim,scripts/train_padim.py,01_first_stage_padim/scripts/train_padim.py
01_first_stage_padim,scripts/train_padim_resnet50_scaffold_drycheck.py,01_first_stage_padim/scripts/train_padim_resnet50_scaffold_drycheck.py
02_evaluation,scripts/compute_lesion_metrics_fast.py,02_evaluation/scripts/compute_lesion_metrics_fast.py
02_evaluation,scripts/compute_mixed_cohort_patient_metrics.py,02_evaluation/scripts/compute_mixed_cohort_patient_metrics.py
02_evaluation,scripts/evaluate_lesion_subset.py,02_evaluation/scripts/evaluate_lesion_subset.py
02_evaluation,scripts/p_a61_stage1_dev_metrics.py,02_evaluation/scripts/p_a61_stage1_dev_metrics.py
02_evaluation,scripts/phase7_3_v1v1_metric_calculation_preflight_v1.py,02_evaluation/scripts/phase7_3_v1v1_metric_calculation_preflight_v1.py
02_evaluation,scripts/phase7_4_v1v1_crop_level_metrics.py,02_evaluation/scripts/phase7_4_v1v1_crop_level_metrics.py
02_evaluation,scripts/phase7_6_v1v1_eval_completeness_patient_topk.py,02_evaluation/scripts/phase7_6_v1v1_eval_completeness_patient_topk.py
02_evaluation,scripts/phase8_5a_metric_calculation_preflight.py,02_evaluation/scripts/phase8_5a_metric_calculation_preflight.py
02_evaluation,scripts/phase8_5b_metric_calculation.py,02_evaluation/scripts/phase8_5b_metric_calculation.py
02_evaluation,scripts/phase8_5d_metric_closure.py,02_evaluation/scripts/phase8_5d_metric_closure.py
02_evaluation,scripts/phase8_6a_froc_protocol_preflight.py,02_evaluation/scripts/phase8_6a_froc_protocol_preflight.py
02_evaluation,scripts/topn_analysis_sample.py,02_evaluation/scripts/topn_analysis_sample.py
03_preprocess_rim_wall,scripts/b1e10_mip_backprojection_modes.py,03_preprocess_rim_wall/scripts/b1e10_mip_backprojection_modes.py
03_preprocess_rim_wall,scripts/b1e11_mip_display_mask_extraction.py,03_preprocess_rim_wall/scripts/b1e11_mip_display_mask_extraction.py
03_preprocess_rim_wall,scripts/b1e12_triplanar_local_mip_single_slice_correction.py,03_preprocess_rim_wall/scripts/b1e12_triplanar_local_mip_single_slice_correction.py
03_preprocess_rim_wall,scripts/b1e12a_axial_inplane_directional_correction.py,03_preprocess_rim_wall/scripts/b1e12a_axial_inplane_directional_correction.py
03_preprocess_rim_wall,scripts/b1e13_smoke_p85_union.py,03_preprocess_rim_wall/scripts/b1e13_smoke_p85_union.py
03_preprocess_rim_wall,scripts/b1e13_smoke_single_slice.py,03_preprocess_rim_wall/scripts/b1e13_smoke_single_slice.py
03_preprocess_rim_wall,scripts/b1e1_oracle_mask_preflight.py,03_preprocess_rim_wall/scripts/b1e1_oracle_mask_preflight.py
03_preprocess_rim_wall,scripts/b1e2_patch_oracle_overlap_dryrun.py,03_preprocess_rim_wall/scripts/b1e2_patch_oracle_overlap_dryrun.py
03_preprocess_rim_wall,scripts/b1e3_oracle_score_suppression_smoke.py,03_preprocess_rim_wall/scripts/b1e3_oracle_score_suppression_smoke.py
03_preprocess_rim_wall,scripts/b1e5_oracle_mask_visual_review.py,03_preprocess_rim_wall/scripts/b1e5_oracle_mask_visual_review.py
03_preprocess_rim_wall,scripts/b1e6_user_broad_mask_visual_review.py,03_preprocess_rim_wall/scripts/b1e6_user_broad_mask_visual_review.py
03_preprocess_rim_wall,scripts/b1e9_mip_mask_extraction_fix.py,03_preprocess_rim_wall/scripts/b1e9_mip_mask_extraction_fix.py
03_preprocess_rim_wall,scripts/b1f1_fp_source_distribution_audit.py,03_preprocess_rim_wall/scripts/b1f1_fp_source_distribution_audit.py
03_preprocess_rim_wall,scripts/b1f1a_fast_fp_source_distribution_audit.py,03_preprocess_rim_wall/scripts/b1f1a_fast_fp_source_distribution_audit.py
03_preprocess_rim_wall,scripts/phase2_19b_priority_review_pack.py,03_preprocess_rim_wall/scripts/phase2_19b_priority_review_pack.py
03_preprocess_rim_wall,scripts/phase2_20d_data_leakage_audit.py,03_preprocess_rim_wall/scripts/phase2_20d_data_leakage_audit.py
03_preprocess_rim_wall,scripts/phase2_20d_visual_only_overlay.py,03_preprocess_rim_wall/scripts/phase2_20d_visual_only_overlay.py
03_preprocess_rim_wall,scripts/phase2_21a_visual_only_pseudo_overlay.py,03_preprocess_rim_wall/scripts/phase2_21a_visual_only_pseudo_overlay.py
03_preprocess_rim_wall,scripts/phase2_21g_make_reviewer_template.py,03_preprocess_rim_wall/scripts/phase2_21g_make_reviewer_template.py
04_preprocess_vessel,scripts/b1d1_final_diagnostic_decision_checkpoint.py,04_preprocess_vessel/scripts/b1d1_final_diagnostic_decision_checkpoint.py
04_preprocess_vessel,scripts/b1d1_highres_ct_context_recheck.py,04_preprocess_vessel/scripts/b1d1_highres_ct_context_recheck.py
04_preprocess_vessel,scripts/b1d1_overlay_target_selection.py,04_preprocess_vessel/scripts/b1d1_overlay_target_selection.py
04_preprocess_vessel,scripts/b1d1_wall_mediastinum_fp_cause_diagnostic_preflight.py,04_preprocess_vessel/scripts/b1d1_wall_mediastinum_fp_cause_diagnostic_preflight.py
04_preprocess_vessel,scripts/b1d1_wall_mediastinum_fp_overlay_generation.py,04_preprocess_vessel/scripts/b1d1_wall_mediastinum_fp_overlay_generation.py
04_preprocess_vessel,scripts/b1d2_boundary_patchcore_preflight_design.py,04_preprocess_vessel/scripts/b1d2_boundary_patchcore_preflight_design.py
04_preprocess_vessel,scripts/b1d3a_smoke_test_preflight.py,04_preprocess_vessel/scripts/b1d3a_smoke_test_preflight.py
04_preprocess_vessel,scripts/b1d3b_rule_b3_dry_smoke.py,04_preprocess_vessel/scripts/b1d3b_rule_b3_dry_smoke.py
04_preprocess_vessel,scripts/b1d3c_gate_p2_feature_preflight.py,04_preprocess_vessel/scripts/b1d3c_gate_p2_feature_preflight.py
04_preprocess_vessel,scripts/b1d3d0_gate_p2_minimal_feature_smoke_approval_preflight.py,04_preprocess_vessel/scripts/b1d3d0_gate_p2_minimal_feature_smoke_approval_preflight.py
04_preprocess_vessel,scripts/b1d3d_gate_p2_minimal_feature_smoke.py,04_preprocess_vessel/scripts/b1d3d_gate_p2_minimal_feature_smoke.py
04_preprocess_vessel,scripts/b1d3e_gate_p2_smoke_result_interpretation.py,04_preprocess_vessel/scripts/b1d3e_gate_p2_smoke_result_interpretation.py
04_preprocess_vessel,scripts/b1d3f_gate_p2_position_conditioned_memory_preflight.py,04_preprocess_vessel/scripts/b1d3f_gate_p2_position_conditioned_memory_preflight.py
04_preprocess_vessel,scripts/b1d3g0_position_conditioned_feature_smoke_approval_preflight.py,04_preprocess_vessel/scripts/b1d3g0_position_conditioned_feature_smoke_approval_preflight.py
04_preprocess_vessel,scripts/b1d3g_gate_p2_position_conditioned_feature_smoke.py,04_preprocess_vessel/scripts/b1d3g_gate_p2_position_conditioned_feature_smoke.py
04_preprocess_vessel,scripts/b1d3j_patchcore_anatomy_conditioned_feature_smoke.py,04_preprocess_vessel/scripts/b1d3j_patchcore_anatomy_conditioned_feature_smoke.py
04_preprocess_vessel,scripts/b1d4b_rule_b3_flag_only_preview.py,04_preprocess_vessel/scripts/b1d4b_rule_b3_flag_only_preview.py
04_preprocess_vessel,scripts/b1d4c_rule_b3_soft_penalty_0_75_preview.py,04_preprocess_vessel/scripts/b1d4c_rule_b3_soft_penalty_0_75_preview.py
04_preprocess_vessel,scripts/b1d4g_rule_b3_soft_penalty_0_5_extended_dev_only_preview.py,04_preprocess_vessel/scripts/b1d4g_rule_b3_soft_penalty_0_5_extended_dev_only_preview.py
04_preprocess_vessel,scripts/b1d4j_rule_b3_stage1_dev_candidate_preview.py,04_preprocess_vessel/scripts/b1d4j_rule_b3_stage1_dev_candidate_preview.py
04_preprocess_vessel,scripts/b1d4k_rule_b3_stage1_dev_candidate_preview_validation.py,04_preprocess_vessel/scripts/b1d4k_rule_b3_stage1_dev_candidate_preview_validation.py
04_preprocess_vessel,scripts/b1d5b_rule_b3_dev_only_metric_preview.py,04_preprocess_vessel/scripts/b1d5b_rule_b3_dev_only_metric_preview.py
04_preprocess_vessel,scripts/b1d7b_patchcore_normal_query_calibration_feature_smoke.py,04_preprocess_vessel/scripts/b1d7b_patchcore_normal_query_calibration_feature_smoke.py
04_preprocess_vessel,scripts/b1d7e_high_score_fp_taxonomy_expansion_preflight.py,04_preprocess_vessel/scripts/b1d7e_high_score_fp_taxonomy_expansion_preflight.py
04_preprocess_vessel,scripts/b1e7_mip_vesselness_visual_smoke.py,04_preprocess_vessel/scripts/b1e7_mip_vesselness_visual_smoke.py
04_preprocess_vessel,scripts/b1e8_mip_pseudomask_vs_vesselness.py,04_preprocess_vessel/scripts/b1e8_mip_pseudomask_vs_vesselness.py
04_preprocess_vessel,scripts/b1f1b_peripheral_fp_vessel_ratio.py,04_preprocess_vessel/scripts/b1f1b_peripheral_fp_vessel_ratio.py
04_preprocess_vessel,scripts/oracle_vessel_alpha_sweep_stage2_v1.py,04_preprocess_vessel/scripts/oracle_vessel_alpha_sweep_stage2_v1.py
04_preprocess_vessel,scripts/oracle_vessel_alpha_sweep_v1.py,04_preprocess_vessel/scripts/oracle_vessel_alpha_sweep_v1.py
04_preprocess_vessel,scripts/oracle_vessel_hitrate_compare_v1.py,04_preprocess_vessel/scripts/oracle_vessel_hitrate_compare_v1.py
04_preprocess_vessel,scripts/oracle_vessel_score_adjust_1case_v1.py,04_preprocess_vessel/scripts/oracle_vessel_score_adjust_1case_v1.py
04_preprocess_vessel,scripts/oracle_vessel_score_adjust_full_v1.py,04_preprocess_vessel/scripts/oracle_vessel_score_adjust_full_v1.py
04_preprocess_vessel,scripts/oracle_vessel_score_adjust_stage2_v1.py,04_preprocess_vessel/scripts/oracle_vessel_score_adjust_stage2_v1.py
04_preprocess_vessel,scripts/phase2_19f_remaining_vessel_candidate_review.py,04_preprocess_vessel/scripts/phase2_19f_remaining_vessel_candidate_review.py
04_preprocess_vessel,scripts/vessel_mask_to_nifti_v1.py,04_preprocess_vessel/scripts/vessel_mask_to_nifti_v1.py
05_roi_mask_v4,scripts/make_b0_ct_context_panels.py,05_roi_mask_v4/scripts/make_b0_ct_context_panels.py
05_roi_mask_v4,scripts/make_b0_ct_context_review_pack.py,05_roi_mask_v4/scripts/make_b0_ct_context_review_pack.py
05_roi_mask_v4,scripts/make_b0_ct_context_review_summary.py,05_roi_mask_v4/scripts/make_b0_ct_context_review_summary.py
06_second_stage_rd4ad,experiments/efficientnet_b0_v4_20_second_stage_refiner_v1/p_c10_5_coverage_audit.py,06_second_stage_rd4ad/experiments/efficientnet_b0_v4_20_second_stage_refiner_v1/p_c10_5_coverage_audit.py
06_second_stage_rd4ad,experiments/efficientnet_b0_v4_20_second_stage_refiner_v1/p_c10_generate_manifest.py,06_second_stage_rd4ad/experiments/efficientnet_b0_v4_20_second_stage_refiner_v1/p_c10_generate_manifest.py
06_second_stage_rd4ad,experiments/efficientnet_b0_v4_20_second_stage_refiner_v1/p_c11_train_classifier.py,06_second_stage_rd4ad/experiments/efficientnet_b0_v4_20_second_stage_refiner_v1/p_c11_train_classifier.py
06_second_stage_rd4ad,experiments/efficientnet_b0_v4_20_second_stage_refiner_v1/p_c19_holdout_scoring.py,06_second_stage_rd4ad/experiments/efficientnet_b0_v4_20_second_stage_refiner_v1/p_c19_holdout_scoring.py
06_second_stage_rd4ad,experiments/efficientnet_b0_v4_20_second_stage_refiner_v1/p_c3_candidate_manifest_gen.py,06_second_stage_rd4ad/experiments/efficientnet_b0_v4_20_second_stage_refiner_v1/p_c3_candidate_manifest_gen.py
06_second_stage_rd4ad,experiments/efficientnet_b0_v4_20_second_stage_refiner_v1/p_c4_crop_generation_preflight.py,06_second_stage_rd4ad/experiments/efficientnet_b0_v4_20_second_stage_refiner_v1/p_c4_crop_generation_preflight.py
06_second_stage_rd4ad,experiments/efficientnet_b0_v4_20_second_stage_refiner_v1/p_c5_crop_generation_smoke_preflight.py,06_second_stage_rd4ad/experiments/efficientnet_b0_v4_20_second_stage_refiner_v1/p_c5_crop_generation_smoke_preflight.py
06_second_stage_rd4ad,experiments/efficientnet_b0_v4_20_second_stage_refiner_v1/p_c5_crop_smoke_generation.py,06_second_stage_rd4ad/experiments/efficientnet_b0_v4_20_second_stage_refiner_v1/p_c5_crop_smoke_generation.py
06_second_stage_rd4ad,experiments/efficientnet_b0_v4_20_second_stage_refiner_v1/p_c8_full_crop_generation.py,06_second_stage_rd4ad/experiments/efficientnet_b0_v4_20_second_stage_refiner_v1/p_c8_full_crop_generation.py
06_second_stage_rd4ad,experiments/efficientnet_b0_v4_20_second_stage_refiner_v1/p_c9_artifact_validation.py,06_second_stage_rd4ad/experiments/efficientnet_b0_v4_20_second_stage_refiner_v1/p_c9_artifact_validation.py
06_second_stage_rd4ad,experiments/normal_only_second_stage_refiner_v1/code/n_c10_normal_val_scoring_threshold.py,06_second_stage_rd4ad/experiments/normal_only_second_stage_refiner_v1/code/n_c10_normal_val_scoring_threshold.py
06_second_stage_rd4ad,experiments/normal_only_second_stage_refiner_v1/code/n_c11_normal_test_sanity.py,06_second_stage_rd4ad/experiments/normal_only_second_stage_refiner_v1/code/n_c11_normal_test_sanity.py
06_second_stage_rd4ad,experiments/normal_only_second_stage_refiner_v1/code/n_c3_normal_only_crop_manifest.py,06_second_stage_rd4ad/experiments/normal_only_second_stage_refiner_v1/code/n_c3_normal_only_crop_manifest.py
06_second_stage_rd4ad,experiments/normal_only_second_stage_refiner_v1/code/n_c5_feature_extraction_smoke_one_patient.py,06_second_stage_rd4ad/experiments/normal_only_second_stage_refiner_v1/code/n_c5_feature_extraction_smoke_one_patient.py
06_second_stage_rd4ad,experiments/normal_only_second_stage_refiner_v1/code/n_c7_full_feature_extraction_distribution.py,06_second_stage_rd4ad/experiments/normal_only_second_stage_refiner_v1/code/n_c7_full_feature_extraction_distribution.py
06_second_stage_rd4ad,experiments/padim_selected_only_second_stage_scoring_v1/scripts/padim_selected_only_second_stage_preflight.py,06_second_stage_rd4ad/experiments/padim_selected_only_second_stage_scoring_v1/scripts/padim_selected_only_second_stage_preflight.py
06_second_stage_rd4ad,experiments/padim_selected_only_second_stage_scoring_v2_adaptive_topz/scripts/padim_selected_only_adaptive_topz_preflight.py,06_second_stage_rd4ad/experiments/padim_selected_only_second_stage_scoring_v2_adaptive_topz/scripts/padim_selected_only_adaptive_topz_preflight.py
06_second_stage_rd4ad,experiments/rd4ad_2p5d_lung5ch_masked_normal_v1/scripts/rd4ad_2p5d_lung5ch_step0_preflight.py,06_second_stage_rd4ad/experiments/rd4ad_2p5d_lung5ch_masked_normal_v1/scripts/rd4ad_2p5d_lung5ch_step0_preflight.py
06_second_stage_rd4ad,experiments/rd4ad_2p5d_lung5ch_masked_normal_v1/scripts/rd4ad_2p5d_lung5ch_step10_decision_checkpoint.py,06_second_stage_rd4ad/experiments/rd4ad_2p5d_lung5ch_masked_normal_v1/scripts/rd4ad_2p5d_lung5ch_step10_decision_checkpoint.py
06_second_stage_rd4ad,experiments/rd4ad_2p5d_lung5ch_masked_normal_v1/scripts/rd4ad_2p5d_lung5ch_step11_stage2_fixed_preflight.py,06_second_stage_rd4ad/experiments/rd4ad_2p5d_lung5ch_masked_normal_v1/scripts/rd4ad_2p5d_lung5ch_step11_stage2_fixed_preflight.py
06_second_stage_rd4ad,experiments/rd4ad_2p5d_lung5ch_masked_normal_v1/scripts/rd4ad_2p5d_lung5ch_step12_stage2_fixed_scoring.py,06_second_stage_rd4ad/experiments/rd4ad_2p5d_lung5ch_masked_normal_v1/scripts/rd4ad_2p5d_lung5ch_step12_stage2_fixed_scoring.py
06_second_stage_rd4ad,experiments/rd4ad_2p5d_lung5ch_masked_normal_v1/scripts/rd4ad_2p5d_lung5ch_step13_stage2_merge_integrity.py,06_second_stage_rd4ad/experiments/rd4ad_2p5d_lung5ch_masked_normal_v1/scripts/rd4ad_2p5d_lung5ch_step13_stage2_merge_integrity.py
06_second_stage_rd4ad,experiments/rd4ad_2p5d_lung5ch_masked_normal_v1/scripts/rd4ad_2p5d_lung5ch_step14_stage2_fixed_eval.py,06_second_stage_rd4ad/experiments/rd4ad_2p5d_lung5ch_masked_normal_v1/scripts/rd4ad_2p5d_lung5ch_step14_stage2_fixed_eval.py
06_second_stage_rd4ad,experiments/rd4ad_2p5d_lung5ch_masked_normal_v1/scripts/rd4ad_2p5d_lung5ch_step1_crop_smoke.py,06_second_stage_rd4ad/experiments/rd4ad_2p5d_lung5ch_masked_normal_v1/scripts/rd4ad_2p5d_lung5ch_step1_crop_smoke.py
06_second_stage_rd4ad,experiments/rd4ad_2p5d_lung5ch_masked_normal_v1/scripts/rd4ad_2p5d_lung5ch_step2_crop_full_build.py,06_second_stage_rd4ad/experiments/rd4ad_2p5d_lung5ch_masked_normal_v1/scripts/rd4ad_2p5d_lung5ch_step2_crop_full_build.py
06_second_stage_rd4ad,experiments/rd4ad_2p5d_lung5ch_masked_normal_v1/scripts/rd4ad_2p5d_lung5ch_step2_full_build_preflight.py,06_second_stage_rd4ad/experiments/rd4ad_2p5d_lung5ch_masked_normal_v1/scripts/rd4ad_2p5d_lung5ch_step2_full_build_preflight.py
06_second_stage_rd4ad,experiments/rd4ad_2p5d_lung5ch_masked_normal_v1/scripts/rd4ad_2p5d_lung5ch_step3_teacher_forward_smoke.py,06_second_stage_rd4ad/experiments/rd4ad_2p5d_lung5ch_masked_normal_v1/scripts/rd4ad_2p5d_lung5ch_step3_teacher_forward_smoke.py
06_second_stage_rd4ad,experiments/rd4ad_2p5d_lung5ch_masked_normal_v1/scripts/rd4ad_2p5d_lung5ch_step4_student_decoder_smoke.py,06_second_stage_rd4ad/experiments/rd4ad_2p5d_lung5ch_masked_normal_v1/scripts/rd4ad_2p5d_lung5ch_step4_student_decoder_smoke.py
06_second_stage_rd4ad,experiments/rd4ad_2p5d_lung5ch_masked_normal_v1/scripts/rd4ad_2p5d_lung5ch_step5_train_smoke.py,06_second_stage_rd4ad/experiments/rd4ad_2p5d_lung5ch_masked_normal_v1/scripts/rd4ad_2p5d_lung5ch_step5_train_smoke.py
06_second_stage_rd4ad,experiments/rd4ad_2p5d_lung5ch_masked_normal_v1/scripts/rd4ad_2p5d_lung5ch_step6_full_train_preflight.py,06_second_stage_rd4ad/experiments/rd4ad_2p5d_lung5ch_masked_normal_v1/scripts/rd4ad_2p5d_lung5ch_step6_full_train_preflight.py
06_second_stage_rd4ad,experiments/rd4ad_2p5d_lung5ch_masked_normal_v1/scripts/rd4ad_2p5d_lung5ch_step7_full_training.py,06_second_stage_rd4ad/experiments/rd4ad_2p5d_lung5ch_masked_normal_v1/scripts/rd4ad_2p5d_lung5ch_step7_full_training.py
06_second_stage_rd4ad,experiments/rd4ad_2p5d_lung5ch_masked_normal_v1/scripts/rd4ad_2p5d_lung5ch_step8_scoring.py,06_second_stage_rd4ad/experiments/rd4ad_2p5d_lung5ch_masked_normal_v1/scripts/rd4ad_2p5d_lung5ch_step8_scoring.py
06_second_stage_rd4ad,experiments/rd4ad_2p5d_lung5ch_masked_normal_v1/scripts/rd4ad_2p5d_lung5ch_step9_stage1dev_eval.py,06_second_stage_rd4ad/experiments/rd4ad_2p5d_lung5ch_masked_normal_v1/scripts/rd4ad_2p5d_lung5ch_step9_stage1dev_eval.py
06_second_stage_rd4ad,experiments/rd4ad_strict_same_position_ztrack_actual_scoring_v1/scripts/rd4ad_strict_ztrack_actual_scoring_merge.py,06_second_stage_rd4ad/experiments/rd4ad_strict_same_position_ztrack_actual_scoring_v1/scripts/rd4ad_strict_ztrack_actual_scoring_merge.py
06_second_stage_rd4ad,experiments/rd4ad_strict_same_position_ztrack_actual_scoring_v1/scripts/rd4ad_strict_ztrack_actual_scoring_preflight.py,06_second_stage_rd4ad/experiments/rd4ad_strict_same_position_ztrack_actual_scoring_v1/scripts/rd4ad_strict_ztrack_actual_scoring_preflight.py
06_second_stage_rd4ad,experiments/rd4ad_strict_same_position_ztrack_actual_scoring_v1/scripts/rd4ad_strict_ztrack_actual_scoring_run.py,06_second_stage_rd4ad/experiments/rd4ad_strict_same_position_ztrack_actual_scoring_v1/scripts/rd4ad_strict_ztrack_actual_scoring_run.py
06_second_stage_rd4ad,experiments/rd4ad_strict_same_position_ztrack_survival_preflight_v1/scripts/rd4ad_strict_same_position_ztrack_survival_preflight.py,06_second_stage_rd4ad/experiments/rd4ad_strict_same_position_ztrack_survival_preflight_v1/scripts/rd4ad_strict_same_position_ztrack_survival_preflight.py
06_second_stage_rd4ad,experiments/rd4ad_strict_ztrack_score_sweep_analysis_v1/scripts/rd4ad_strict_ztrack_score_sweep_analysis.py,06_second_stage_rd4ad/experiments/rd4ad_strict_ztrack_score_sweep_analysis_v1/scripts/rd4ad_strict_ztrack_score_sweep_analysis.py
06_second_stage_rd4ad,experiments/rd4ad_z_continuity_group_full_scoring_v1/scripts/rd4ad_z_continuity_group_full_scoring_merge.py,06_second_stage_rd4ad/experiments/rd4ad_z_continuity_group_full_scoring_v1/scripts/rd4ad_z_continuity_group_full_scoring_merge.py
06_second_stage_rd4ad,experiments/rd4ad_z_continuity_group_full_scoring_v1/scripts/rd4ad_z_continuity_group_full_scoring_preflight.py,06_second_stage_rd4ad/experiments/rd4ad_z_continuity_group_full_scoring_v1/scripts/rd4ad_z_continuity_group_full_scoring_preflight.py
06_second_stage_rd4ad,experiments/rd4ad_z_continuity_group_full_scoring_v1/scripts/rd4ad_z_continuity_group_full_scoring_run.py,06_second_stage_rd4ad/experiments/rd4ad_z_continuity_group_full_scoring_v1/scripts/rd4ad_z_continuity_group_full_scoring_run.py
06_second_stage_rd4ad,experiments/rd4ad_z_continuity_group_rescore_smoke_v1/scripts/rd4ad_z_continuity_group_rescore_smoke.py,06_second_stage_rd4ad/experiments/rd4ad_z_continuity_group_rescore_smoke_v1/scripts/rd4ad_z_continuity_group_rescore_smoke.py
06_second_stage_rd4ad,experiments/rd4ad_ztrack_continuity_score_sweep_v1/scripts/rd4ad_ztrack_continuity_score_sweep.py,06_second_stage_rd4ad/experiments/rd4ad_ztrack_continuity_score_sweep_v1/scripts/rd4ad_ztrack_continuity_score_sweep.py
06_second_stage_rd4ad,experiments/rd4ad_ztrack_hu_crop_mean_sweep_v1/scripts/rd4ad_ztrack_hu_crop_mean_sweep.py,06_second_stage_rd4ad/experiments/rd4ad_ztrack_hu_crop_mean_sweep_v1/scripts/rd4ad_ztrack_hu_crop_mean_sweep.py
06_second_stage_rd4ad,experiments/rd_d1s_candidate_gated_posthoc_v1/scripts/rd_d1s_candidate_gated_posthoc_analysis.py,06_second_stage_rd4ad/experiments/rd_d1s_candidate_gated_posthoc_v1/scripts/rd_d1s_candidate_gated_posthoc_analysis.py
06_second_stage_rd4ad,experiments/rd_d1s_center_region_rescore_smoke_v1/scripts/rd_d1s_center_region_rescore_smoke.py,06_second_stage_rd4ad/experiments/rd_d1s_center_region_rescore_smoke_v1/scripts/rd_d1s_center_region_rescore_smoke.py
06_second_stage_rd4ad,experiments/rd_e1_abc_stage2_eval_v1/scripts/rd_e1_abc_stage2_eval.py,06_second_stage_rd4ad/experiments/rd_e1_abc_stage2_eval_v1/scripts/rd_e1_abc_stage2_eval.py
06_second_stage_rd4ad,experiments/rd_e1_abc_stage2_eval_v1/scripts/rd_e1_abc_stage2_scoring.py,06_second_stage_rd4ad/experiments/rd_e1_abc_stage2_eval_v1/scripts/rd_e1_abc_stage2_scoring.py
06_second_stage_rd4ad,experiments/stage2_strict_ztrack_rd4ad_scoring_preflight_v1/scripts/stage2_rd4ad_evaluation.py,06_second_stage_rd4ad/experiments/stage2_strict_ztrack_rd4ad_scoring_preflight_v1/scripts/stage2_rd4ad_evaluation.py
06_second_stage_rd4ad,experiments/stage2_strict_ztrack_rd4ad_scoring_preflight_v1/scripts/stage2_strict_ztrack_rd4ad_scoring_preflight.py,06_second_stage_rd4ad/experiments/stage2_strict_ztrack_rd4ad_scoring_preflight_v1/scripts/stage2_strict_ztrack_rd4ad_scoring_preflight.py
06_second_stage_rd4ad,experiments/stage2_strict_ztrack_rd4ad_scoring_preflight_v1/scripts/stage2_strict_ztrack_rd4ad_scoring_run.py,06_second_stage_rd4ad/experiments/stage2_strict_ztrack_rd4ad_scoring_preflight_v1/scripts/stage2_strict_ztrack_rd4ad_scoring_run.py
06_second_stage_rd4ad,experiments/stage2_strict_ztrack_schema_survival_preflight_v1/scripts/stage2_strict_ztrack_schema_survival_preflight.py,06_second_stage_rd4ad/experiments/stage2_strict_ztrack_schema_survival_preflight_v1/scripts/stage2_strict_ztrack_schema_survival_preflight.py
06_second_stage_rd4ad,scripts/b1d8c_refiner_candidate_crop_generation.py,06_second_stage_rd4ad/scripts/b1d8c_refiner_candidate_crop_generation.py
06_second_stage_rd4ad,scripts/b1d8g_nc_refiner_query_scoring.py,06_second_stage_rd4ad/scripts/b1d8g_nc_refiner_query_scoring.py
06_second_stage_rd4ad,scripts/build_normal_rd4ad_2p5d_crop_dataset.py,06_second_stage_rd4ad/scripts/build_normal_rd4ad_2p5d_crop_dataset.py
06_second_stage_rd4ad,scripts/build_normal_rd4ad_sampling_manifest.py,06_second_stage_rd4ad/scripts/build_normal_rd4ad_sampling_manifest.py
06_second_stage_rd4ad,scripts/build_rd4ad_2p5d_crop_dataset.py,06_second_stage_rd4ad/scripts/build_rd4ad_2p5d_crop_dataset.py
06_second_stage_rd4ad,scripts/build_rd4ad_train_sampling_manifest.py,06_second_stage_rd4ad/scripts/build_rd4ad_train_sampling_manifest.py
06_second_stage_rd4ad,scripts/build_second_stage_smoke_candidates.py,06_second_stage_rd4ad/scripts/build_second_stage_smoke_candidates.py
06_second_stage_rd4ad,scripts/compute_rd4ad_normal_val_test_roi_scores.py,06_second_stage_rd4ad/scripts/compute_rd4ad_normal_val_test_roi_scores.py
06_second_stage_rd4ad,scripts/compute_rd4ad_roi_patch_masked_scores_for_qa.py,06_second_stage_rd4ad/scripts/compute_rd4ad_roi_patch_masked_scores_for_qa.py
06_second_stage_rd4ad,scripts/eff_threshold_continuity_recall_v1.py,06_second_stage_rd4ad/scripts/eff_threshold_continuity_recall_v1.py
06_second_stage_rd4ad,scripts/eff_threshold_continuity_recall_v2_size.py,06_second_stage_rd4ad/scripts/eff_threshold_continuity_recall_v2_size.py
06_second_stage_rd4ad,scripts/generate_s6a_crop_full.py,06_second_stage_rd4ad/scripts/generate_s6a_crop_full.py
06_second_stage_rd4ad,scripts/generate_s6a_crop_full_6ch.py,06_second_stage_rd4ad/scripts/generate_s6a_crop_full_6ch.py
06_second_stage_rd4ad,scripts/generate_s6a_crop_smoke.py,06_second_stage_rd4ad/scripts/generate_s6a_crop_smoke.py
06_second_stage_rd4ad,scripts/normal_s6a_topk_threshold_pipeline_v1.py,06_second_stage_rd4ad/scripts/normal_s6a_topk_threshold_pipeline_v1.py
06_second_stage_rd4ad,scripts/oracle_vessel_rd4ad_smoke_1case_v1.py,06_second_stage_rd4ad/scripts/oracle_vessel_rd4ad_smoke_1case_v1.py
06_second_stage_rd4ad,scripts/padim_p90_ztrack_patient_metrics_v1.py,06_second_stage_rd4ad/scripts/padim_p90_ztrack_patient_metrics_v1.py
06_second_stage_rd4ad,scripts/phase6_1_s6a_input_asset_loader_smoke.py,06_second_stage_rd4ad/scripts/phase6_1_s6a_input_asset_loader_smoke.py
06_second_stage_rd4ad,scripts/phase6_1b_s6a_stage1_dev_filtered_manifest.py,06_second_stage_rd4ad/scripts/phase6_1b_s6a_stage1_dev_filtered_manifest.py
06_second_stage_rd4ad,scripts/phase6_1c_s6a_filtered_manifest_loader_smoke.py,06_second_stage_rd4ad/scripts/phase6_1c_s6a_filtered_manifest_loader_smoke.py
06_second_stage_rd4ad,scripts/phase6_2b_s6a_model_forward_smoke.py,06_second_stage_rd4ad/scripts/phase6_2b_s6a_model_forward_smoke.py
06_second_stage_rd4ad,scripts/phase8_2e_stage2_s6a_candidate_coordinate_manifest_creation.py,06_second_stage_rd4ad/scripts/phase8_2e_stage2_s6a_candidate_coordinate_manifest_creation.py
06_second_stage_rd4ad,scripts/rd4ad_e2_infer_single_patient_v1.py,06_second_stage_rd4ad/scripts/rd4ad_e2_infer_single_patient_v1.py
06_second_stage_rd4ad,scripts/rd4ad_heatmap_preflight_lung1_415_1case.py,06_second_stage_rd4ad/scripts/rd4ad_heatmap_preflight_lung1_415_1case.py
06_second_stage_rd4ad,scripts/rd4ad_infer_save_spatial_map_1case_v1.py,06_second_stage_rd4ad/scripts/rd4ad_infer_save_spatial_map_1case_v1.py
06_second_stage_rd4ad,scripts/rd4ad_infer_single_patient_v1.py,06_second_stage_rd4ad/scripts/rd4ad_infer_single_patient_v1.py
06_second_stage_rd4ad,scripts/rd4ad_spatial_global_norm_lung1_415_v1.py,06_second_stage_rd4ad/scripts/rd4ad_spatial_global_norm_lung1_415_v1.py
06_second_stage_rd4ad,scripts/rd_b0_6bin_sampling_preflight.py,06_second_stage_rd4ad/scripts/rd_b0_6bin_sampling_preflight.py
06_second_stage_rd4ad,scripts/rd_b10_stage1_dev_candidate_scoring.py,06_second_stage_rd4ad/scripts/rd_b10_stage1_dev_candidate_scoring.py
06_second_stage_rd4ad,scripts/rd_b11_rd4ad_fp_suppression_safety_analysis.py,06_second_stage_rd4ad/scripts/rd_b11_rd4ad_fp_suppression_safety_analysis.py
06_second_stage_rd4ad,scripts/rd_b12_rd4ad_track_closure.py,06_second_stage_rd4ad/scripts/rd_b12_rd4ad_track_closure.py
06_second_stage_rd4ad,scripts/rd_b1_6bin_balanced_manifest.py,06_second_stage_rd4ad/scripts/rd_b1_6bin_balanced_manifest.py
06_second_stage_rd4ad,scripts/rd_b2_crop_input_visual_smoke.py,06_second_stage_rd4ad/scripts/rd_b2_crop_input_visual_smoke.py
06_second_stage_rd4ad,scripts/rd_b2b_input_visual_review_decision.py,06_second_stage_rd4ad/scripts/rd_b2b_input_visual_review_decision.py
06_second_stage_rd4ad,scripts/rd_b3_true_rd4ad_architecture_preflight.py,06_second_stage_rd4ad/scripts/rd_b3_true_rd4ad_architecture_preflight.py
06_second_stage_rd4ad,scripts/rd_b4_crop_generation_strategy_preflight.py,06_second_stage_rd4ad/scripts/rd_b4_crop_generation_strategy_preflight.py
06_second_stage_rd4ad,scripts/rd_b5_rd4ad_dataset_loader_model_skeleton.py,06_second_stage_rd4ad/scripts/rd_b5_rd4ad_dataset_loader_model_skeleton.py
06_second_stage_rd4ad,scripts/rd_b6a2_tiny_forward_check.py,06_second_stage_rd4ad/scripts/rd_b6a2_tiny_forward_check.py
06_second_stage_rd4ad,scripts/rd_b6a_tiny_smoke_train_preflight.py,06_second_stage_rd4ad/scripts/rd_b6a_tiny_smoke_train_preflight.py
06_second_stage_rd4ad,scripts/rd_b6b_tiny_smoke_train.py,06_second_stage_rd4ad/scripts/rd_b6b_tiny_smoke_train.py
06_second_stage_rd4ad,scripts/rd_b7_full_train_config_preflight.py,06_second_stage_rd4ad/scripts/rd_b7_full_train_config_preflight.py
06_second_stage_rd4ad,scripts/rd_b8_full_train.py,06_second_stage_rd4ad/scripts/rd_b8_full_train.py
06_second_stage_rd4ad,scripts/rd_b8d_crop_shard_smoke_and_loader_profile.py,06_second_stage_rd4ad/scripts/rd_b8d_crop_shard_smoke_and_loader_profile.py
06_second_stage_rd4ad,scripts/rd_b8e_full_float32_shard_generation.py,06_second_stage_rd4ad/scripts/rd_b8e_full_float32_shard_generation.py
06_second_stage_rd4ad,scripts/rd_b8f_full_train_from_shards.py,06_second_stage_rd4ad/scripts/rd_b8f_full_train_from_shards.py
06_second_stage_rd4ad,scripts/rd_b9_normal_val_sixbin_scoring_threshold.py,06_second_stage_rd4ad/scripts/rd_b9_normal_val_sixbin_scoring_threshold.py
06_second_stage_rd4ad,scripts/rd_c1_stage1_dev_fp_source_distribution_audit.py,06_second_stage_rd4ad/scripts/rd_c1_stage1_dev_fp_source_distribution_audit.py
06_second_stage_rd4ad,scripts/rd_c2_effb0_v420_candidate_rd4ad_retest.py,06_second_stage_rd4ad/scripts/rd_c2_effb0_v420_candidate_rd4ad_retest.py
06_second_stage_rd4ad,scripts/rd_c3_v1v1_convae_same_universe_retest.py,06_second_stage_rd4ad/scripts/rd_c3_v1v1_convae_same_universe_retest.py
06_second_stage_rd4ad,scripts/rd_d1_medi3ch_true_rd4ad_revival.py,06_second_stage_rd4ad/scripts/rd_d1_medi3ch_true_rd4ad_revival.py
06_second_stage_rd4ad,scripts/rd_d1s_medi3ch_shard_optimized_rd4ad.py,06_second_stage_rd4ad/scripts/rd_d1s_medi3ch_shard_optimized_rd4ad.py
06_second_stage_rd4ad,scripts/rd_d1s_medi3ch_true_rd4ad_shard_run_all.py,06_second_stage_rd4ad/scripts/rd_d1s_medi3ch_true_rd4ad_shard_run_all.py
06_second_stage_rd4ad,scripts/rd_d2_rdd1s_ranking_guard_strategy.py,06_second_stage_rd4ad/scripts/rd_d2_rdd1s_ranking_guard_strategy.py
06_second_stage_rd4ad,scripts/rd_d3_rdd1s_failure_taxonomy_audit.py,06_second_stage_rd4ad/scripts/rd_d3_rdd1s_failure_taxonomy_audit.py
06_second_stage_rd4ad,scripts/rd_e1_abc_full_eval.py,06_second_stage_rd4ad/scripts/rd_e1_abc_full_eval.py
06_second_stage_rd4ad,scripts/rd_e1_abc_ztrack_eval.py,06_second_stage_rd4ad/scripts/rd_e1_abc_ztrack_eval.py
06_second_stage_rd4ad,scripts/rd_e1a2_lung3ch_roipx_run.py,06_second_stage_rd4ad/scripts/rd_e1a2_lung3ch_roipx_run.py
06_second_stage_rd4ad,scripts/rd_e1a2_lung3ch_roipx_shard.py,06_second_stage_rd4ad/scripts/rd_e1a2_lung3ch_roipx_shard.py
06_second_stage_rd4ad,scripts/rd_e1a_lung3ch_run.py,06_second_stage_rd4ad/scripts/rd_e1a_lung3ch_run.py
06_second_stage_rd4ad,scripts/rd_e1a_lung3ch_shard.py,06_second_stage_rd4ad/scripts/rd_e1a_lung3ch_shard.py
06_second_stage_rd4ad,scripts/rd_e1b_medi_mip3ch_run.py,06_second_stage_rd4ad/scripts/rd_e1b_medi_mip3ch_run.py
06_second_stage_rd4ad,scripts/rd_e1b_medi_mip3ch_shard.py,06_second_stage_rd4ad/scripts/rd_e1b_medi_mip3ch_shard.py
06_second_stage_rd4ad,scripts/rd_e1c2_lung_mip3ch_roipx_run.py,06_second_stage_rd4ad/scripts/rd_e1c2_lung_mip3ch_roipx_run.py
06_second_stage_rd4ad,scripts/rd_e1c2_lung_mip3ch_roipx_shard.py,06_second_stage_rd4ad/scripts/rd_e1c2_lung_mip3ch_roipx_shard.py
06_second_stage_rd4ad,scripts/rd_e1c_lung_mip3ch_run.py,06_second_stage_rd4ad/scripts/rd_e1c_lung_mip3ch_run.py
06_second_stage_rd4ad,scripts/rd_e1c_lung_mip3ch_shard.py,06_second_stage_rd4ad/scripts/rd_e1c_lung_mip3ch_shard.py
06_second_stage_rd4ad,scripts/rd_e1e1_lung_mip3ch_effb0_run.py,06_second_stage_rd4ad/scripts/rd_e1e1_lung_mip3ch_effb0_run.py
06_second_stage_rd4ad,scripts/rd_e1e2_lung3ch_effb0_run.py,06_second_stage_rd4ad/scripts/rd_e1e2_lung3ch_effb0_run.py
06_second_stage_rd4ad,scripts/rd_e1e2z_lung3ch_effb0_zpct_run.py,06_second_stage_rd4ad/scripts/rd_e1e2z_lung3ch_effb0_zpct_run.py
06_second_stage_rd4ad,scripts/rule_s6a_manifest_gen.py,06_second_stage_rd4ad/scripts/rule_s6a_manifest_gen.py
06_second_stage_rd4ad,scripts/rule_s6a_manifest_validation.py,06_second_stage_rd4ad/scripts/rule_s6a_manifest_validation.py
06_second_stage_rd4ad,scripts/score_rd4ad_2p5d_hard_negative.py,06_second_stage_rd4ad/scripts/score_rd4ad_2p5d_hard_negative.py
06_second_stage_rd4ad,scripts/score_rd4ad_2p5d_normal_val_test.py,06_second_stage_rd4ad/scripts/score_rd4ad_2p5d_normal_val_test.py
06_second_stage_rd4ad,scripts/smoke_clean_normal_rd4ad_2p5d_loader.py,06_second_stage_rd4ad/scripts/smoke_clean_normal_rd4ad_2p5d_loader.py
06_second_stage_rd4ad,scripts/smoke_s6a_6ch_dataloader.py,06_second_stage_rd4ad/scripts/smoke_s6a_6ch_dataloader.py
06_second_stage_rd4ad,scripts/smoke_s6a_6ch_eval_loaders.py,06_second_stage_rd4ad/scripts/smoke_s6a_6ch_eval_loaders.py
06_second_stage_rd4ad,scripts/smoke_s6a_dataloader.py,06_second_stage_rd4ad/scripts/smoke_s6a_dataloader.py
06_second_stage_rd4ad,scripts/train_rd4ad_2p5d_normal.py,06_second_stage_rd4ad/scripts/train_rd4ad_2p5d_normal.py
06_second_stage_rd4ad,scripts/train_s6a_rd4ad_verifier.py,06_second_stage_rd4ad/scripts/train_s6a_rd4ad_verifier.py
06_second_stage_rd4ad,scripts/validate_s6a_6ch_crop_full.py,06_second_stage_rd4ad/scripts/validate_s6a_6ch_crop_full.py
06_second_stage_rd4ad,scripts/validate_s6a_6ch_crop_smoke.py,06_second_stage_rd4ad/scripts/validate_s6a_6ch_crop_smoke.py
06_second_stage_rd4ad,scripts/validate_s6a_crop_full.py,06_second_stage_rd4ad/scripts/validate_s6a_crop_full.py
06_second_stage_rd4ad,scripts/validate_s6a_crop_smoke.py,06_second_stage_rd4ad/scripts/validate_s6a_crop_smoke.py
07_pc_normal_classifier,experiments/efficientnet_b0_v4_20_normal_vs_nsclc_aux_classifier_v1/code/p_c_normal10_validation_shortcut_stats.py,07_pc_normal_classifier/experiments/efficientnet_b0_v4_20_normal_vs_nsclc_aux_classifier_v1/code/p_c_normal10_validation_shortcut_stats.py
07_pc_normal_classifier,experiments/efficientnet_b0_v4_20_normal_vs_nsclc_aux_classifier_v1/code/p_c_normal12_matched_generation.py,07_pc_normal_classifier/experiments/efficientnet_b0_v4_20_normal_vs_nsclc_aux_classifier_v1/code/p_c_normal12_matched_generation.py
07_pc_normal_classifier,experiments/efficientnet_b0_v4_20_normal_vs_nsclc_aux_classifier_v1/code/p_c_normal13_matched_validation_shortcut_stats.py,07_pc_normal_classifier/experiments/efficientnet_b0_v4_20_normal_vs_nsclc_aux_classifier_v1/code/p_c_normal13_matched_validation_shortcut_stats.py
07_pc_normal_classifier,experiments/efficientnet_b0_v4_20_normal_vs_nsclc_aux_classifier_v1/code/p_c_normal16_smoke_result_validation_auc_backfill.py,07_pc_normal_classifier/experiments/efficientnet_b0_v4_20_normal_vs_nsclc_aux_classifier_v1/code/p_c_normal16_smoke_result_validation_auc_backfill.py
07_pc_normal_classifier,experiments/efficientnet_b0_v4_20_normal_vs_nsclc_aux_classifier_v1/code/p_c_normal17_smoke_interpretation_readiness.py,07_pc_normal_classifier/experiments/efficientnet_b0_v4_20_normal_vs_nsclc_aux_classifier_v1/code/p_c_normal17_smoke_interpretation_readiness.py
07_pc_normal_classifier,experiments/efficientnet_b0_v4_20_normal_vs_nsclc_aux_classifier_v1/code/p_c_normal21c_val_prediction_export.py,07_pc_normal_classifier/experiments/efficientnet_b0_v4_20_normal_vs_nsclc_aux_classifier_v1/code/p_c_normal21c_val_prediction_export.py
07_pc_normal_classifier,experiments/efficientnet_b0_v4_20_normal_vs_nsclc_aux_classifier_v1/code/p_c_normal21f_shortcut_error_audit.py,07_pc_normal_classifier/experiments/efficientnet_b0_v4_20_normal_vs_nsclc_aux_classifier_v1/code/p_c_normal21f_shortcut_error_audit.py
07_pc_normal_classifier,experiments/efficientnet_b0_v4_20_normal_vs_nsclc_aux_classifier_v1/code/p_c_normal22c_normal_test_crop_generator.py,07_pc_normal_classifier/experiments/efficientnet_b0_v4_20_normal_vs_nsclc_aux_classifier_v1/code/p_c_normal22c_normal_test_crop_generator.py
07_pc_normal_classifier,experiments/efficientnet_b0_v4_20_normal_vs_nsclc_aux_classifier_v1/code/p_c_normal22c_nsclc_holdout_crop_generator.py,07_pc_normal_classifier/experiments/efficientnet_b0_v4_20_normal_vs_nsclc_aux_classifier_v1/code/p_c_normal22c_nsclc_holdout_crop_generator.py
07_pc_normal_classifier,experiments/efficientnet_b0_v4_20_normal_vs_nsclc_aux_classifier_v1/code/p_c_normal22d2_post_generation_hardening_drycheck.py,07_pc_normal_classifier/experiments/efficientnet_b0_v4_20_normal_vs_nsclc_aux_classifier_v1/code/p_c_normal22d2_post_generation_hardening_drycheck.py
07_pc_normal_classifier,experiments/efficientnet_b0_v4_20_normal_vs_nsclc_aux_classifier_v1/code/p_c_normal22d_run_generate_implementation_drycheck.py,07_pc_normal_classifier/experiments/efficientnet_b0_v4_20_normal_vs_nsclc_aux_classifier_v1/code/p_c_normal22d_run_generate_implementation_drycheck.py
07_pc_normal_classifier,experiments/efficientnet_b0_v4_20_normal_vs_nsclc_aux_classifier_v1/code/p_c_normal23_final_test_prediction_export.py,07_pc_normal_classifier/experiments/efficientnet_b0_v4_20_normal_vs_nsclc_aux_classifier_v1/code/p_c_normal23_final_test_prediction_export.py
07_pc_normal_classifier,experiments/efficientnet_b0_v4_20_normal_vs_nsclc_aux_classifier_v1/code/p_c_normal23c2_crop_balanced_supplementary_metrics.py,07_pc_normal_classifier/experiments/efficientnet_b0_v4_20_normal_vs_nsclc_aux_classifier_v1/code/p_c_normal23c2_crop_balanced_supplementary_metrics.py
07_pc_normal_classifier,experiments/efficientnet_b0_v4_20_normal_vs_nsclc_aux_classifier_v1/code/p_c_normal23c_final_baseline_test_metrics.py,07_pc_normal_classifier/experiments/efficientnet_b0_v4_20_normal_vs_nsclc_aux_classifier_v1/code/p_c_normal23c_final_baseline_test_metrics.py
07_pc_normal_classifier,experiments/efficientnet_b0_v4_20_normal_vs_nsclc_aux_classifier_v1/code/p_c_normal24f_zroi_only_feature_manifest_preflight.py,07_pc_normal_classifier/experiments/efficientnet_b0_v4_20_normal_vs_nsclc_aux_classifier_v1/code/p_c_normal24f_zroi_only_feature_manifest_preflight.py
07_pc_normal_classifier,experiments/efficientnet_b0_v4_20_normal_vs_nsclc_aux_classifier_v1/code/p_c_normal24g_fix_balanced_manifest_gen.py,07_pc_normal_classifier/experiments/efficientnet_b0_v4_20_normal_vs_nsclc_aux_classifier_v1/code/p_c_normal24g_fix_balanced_manifest_gen.py
07_pc_normal_classifier,experiments/efficientnet_b0_v4_20_normal_vs_nsclc_aux_classifier_v1/code/p_c_normal24g_fix_balanced_w1_manifest_gen.py,07_pc_normal_classifier/experiments/efficientnet_b0_v4_20_normal_vs_nsclc_aux_classifier_v1/code/p_c_normal24g_fix_balanced_w1_manifest_gen.py
07_pc_normal_classifier,experiments/efficientnet_b0_v4_20_normal_vs_nsclc_aux_classifier_v1/code/p_c_normal24g_fix_zroi_only_feature_manifest_generation.py,07_pc_normal_classifier/experiments/efficientnet_b0_v4_20_normal_vs_nsclc_aux_classifier_v1/code/p_c_normal24g_fix_zroi_only_feature_manifest_generation.py
07_pc_normal_classifier,experiments/efficientnet_b0_v4_20_normal_vs_nsclc_aux_classifier_v1/code/p_c_normal24g_zroi_only_feature_manifest_generation.py,07_pc_normal_classifier/experiments/efficientnet_b0_v4_20_normal_vs_nsclc_aux_classifier_v1/code/p_c_normal24g_zroi_only_feature_manifest_generation.py
07_pc_normal_classifier,experiments/efficientnet_b0_v4_20_normal_vs_nsclc_aux_classifier_v1/code/p_c_normal24h_audit_crop_lung_roi_ratio.py,07_pc_normal_classifier/experiments/efficientnet_b0_v4_20_normal_vs_nsclc_aux_classifier_v1/code/p_c_normal24h_audit_crop_lung_roi_ratio.py
07_pc_normal_classifier,experiments/efficientnet_b0_v4_20_normal_vs_nsclc_aux_classifier_v1/code/p_c_normal24h_fix_zroi_scalar_fusion_drycheck.py,07_pc_normal_classifier/experiments/efficientnet_b0_v4_20_normal_vs_nsclc_aux_classifier_v1/code/p_c_normal24h_fix_zroi_scalar_fusion_drycheck.py
07_pc_normal_classifier,experiments/efficientnet_b0_v4_20_normal_vs_nsclc_aux_classifier_v1/code/p_c_normal24h_zroi_scalar_fusion_train.py,07_pc_normal_classifier/experiments/efficientnet_b0_v4_20_normal_vs_nsclc_aux_classifier_v1/code/p_c_normal24h_zroi_scalar_fusion_train.py
07_pc_normal_classifier,experiments/efficientnet_b0_v4_20_normal_vs_nsclc_aux_classifier_v1/code/p_c_normal24i_fix_zroi_scalar_fusion_smoke_train.py,07_pc_normal_classifier/experiments/efficientnet_b0_v4_20_normal_vs_nsclc_aux_classifier_v1/code/p_c_normal24i_fix_zroi_scalar_fusion_smoke_train.py
07_pc_normal_classifier,experiments/efficientnet_b0_v4_20_normal_vs_nsclc_aux_classifier_v1/code/p_c_normal24j_fix_balanced_w1_zroi_scalar_fusion_full_train.py,07_pc_normal_classifier/experiments/efficientnet_b0_v4_20_normal_vs_nsclc_aux_classifier_v1/code/p_c_normal24j_fix_balanced_w1_zroi_scalar_fusion_full_train.py
07_pc_normal_classifier,experiments/efficientnet_b0_v4_20_normal_vs_nsclc_aux_classifier_v1/code/p_c_normal24j_fix_balanced_zroi_scalar_fusion_full_train.py,07_pc_normal_classifier/experiments/efficientnet_b0_v4_20_normal_vs_nsclc_aux_classifier_v1/code/p_c_normal24j_fix_balanced_zroi_scalar_fusion_full_train.py
07_pc_normal_classifier,experiments/efficientnet_b0_v4_20_normal_vs_nsclc_aux_classifier_v1/code/p_c_normal24j_fix_zroi_scalar_fusion_full_train.py,07_pc_normal_classifier/experiments/efficientnet_b0_v4_20_normal_vs_nsclc_aux_classifier_v1/code/p_c_normal24j_fix_zroi_scalar_fusion_full_train.py
07_pc_normal_classifier,experiments/efficientnet_b0_v4_20_normal_vs_nsclc_aux_classifier_v1/code/p_c_normal24k_fix_final_test_prediction_export.py,07_pc_normal_classifier/experiments/efficientnet_b0_v4_20_normal_vs_nsclc_aux_classifier_v1/code/p_c_normal24k_fix_final_test_prediction_export.py
07_pc_normal_classifier,experiments/efficientnet_b0_v4_20_normal_vs_nsclc_aux_classifier_v1/code/p_c_normal26_balanced_w1_error_review.py,07_pc_normal_classifier/experiments/efficientnet_b0_v4_20_normal_vs_nsclc_aux_classifier_v1/code/p_c_normal26_balanced_w1_error_review.py
07_pc_normal_classifier,experiments/efficientnet_b0_v4_20_normal_vs_nsclc_aux_classifier_v1/code/p_c_normal27_scalar_repair_final_test_manifest.py,07_pc_normal_classifier/experiments/efficientnet_b0_v4_20_normal_vs_nsclc_aux_classifier_v1/code/p_c_normal27_scalar_repair_final_test_manifest.py
07_pc_normal_classifier,experiments/efficientnet_b0_v4_20_normal_vs_nsclc_aux_classifier_v1/code/p_c_normal28_repaired_prediction_export.py,07_pc_normal_classifier/experiments/efficientnet_b0_v4_20_normal_vs_nsclc_aux_classifier_v1/code/p_c_normal28_repaired_prediction_export.py
07_pc_normal_classifier,experiments/efficientnet_b0_v4_20_normal_vs_nsclc_aux_classifier_v1/code/p_c_normal29_decision_checkpoint_update.py,07_pc_normal_classifier/experiments/efficientnet_b0_v4_20_normal_vs_nsclc_aux_classifier_v1/code/p_c_normal29_decision_checkpoint_update.py
07_pc_normal_classifier,experiments/efficientnet_b0_v4_20_normal_vs_nsclc_aux_classifier_v1/code/p_c_normal29a_crop_mask_alignment_validation.py,07_pc_normal_classifier/experiments/efficientnet_b0_v4_20_normal_vs_nsclc_aux_classifier_v1/code/p_c_normal29a_crop_mask_alignment_validation.py
07_pc_normal_classifier,experiments/efficientnet_b0_v4_20_normal_vs_nsclc_aux_classifier_v1/code/p_c_normal29b_crop_level_mask_generation.py,07_pc_normal_classifier/experiments/efficientnet_b0_v4_20_normal_vs_nsclc_aux_classifier_v1/code/p_c_normal29b_crop_level_mask_generation.py
07_pc_normal_classifier,experiments/efficientnet_b0_v4_20_normal_vs_nsclc_aux_classifier_v1/code/p_c_normal2_manifest_crop_gen.py,07_pc_normal_classifier/experiments/efficientnet_b0_v4_20_normal_vs_nsclc_aux_classifier_v1/code/p_c_normal2_manifest_crop_gen.py
07_pc_normal_classifier,experiments/efficientnet_b0_v4_20_normal_vs_nsclc_aux_classifier_v1/code/p_c_normal3_actual_generation.py,07_pc_normal_classifier/experiments/efficientnet_b0_v4_20_normal_vs_nsclc_aux_classifier_v1/code/p_c_normal3_actual_generation.py
07_pc_normal_classifier,experiments/efficientnet_b0_v4_20_normal_vs_nsclc_aux_classifier_v1/code/p_c_normal5_train_classifier.py,07_pc_normal_classifier/experiments/efficientnet_b0_v4_20_normal_vs_nsclc_aux_classifier_v1/code/p_c_normal5_train_classifier.py
07_pc_normal_classifier,experiments/efficientnet_b0_v4_20_normal_vs_nsclc_aux_classifier_v1/code/p_c_normal6_smoke_training.py,07_pc_normal_classifier/experiments/efficientnet_b0_v4_20_normal_vs_nsclc_aux_classifier_v1/code/p_c_normal6_smoke_training.py
07_pc_normal_classifier,experiments/efficientnet_b0_v4_20_normal_vs_nsclc_aux_classifier_v1/code/p_c_normal8a_checkpoint_schema_drycheck.py,07_pc_normal_classifier/experiments/efficientnet_b0_v4_20_normal_vs_nsclc_aux_classifier_v1/code/p_c_normal8a_checkpoint_schema_drycheck.py
07_pc_normal_classifier,experiments/efficientnet_b0_v4_20_normal_vs_nsclc_aux_classifier_v1/code/p_c_normal9_actual_generation.py,07_pc_normal_classifier/experiments/efficientnet_b0_v4_20_normal_vs_nsclc_aux_classifier_v1/code/p_c_normal9_actual_generation.py
07_pc_normal_classifier,experiments/efficientnet_b0_v4_20_normal_vs_nsclc_aux_classifier_v1/code/p_c_normal9_same_generator_preflight.py,07_pc_normal_classifier/experiments/efficientnet_b0_v4_20_normal_vs_nsclc_aux_classifier_v1/code/p_c_normal9_same_generator_preflight.py
07_pc_normal_classifier,experiments/efficientnet_b0_v4_20_supervised_aux_source_classifier_v1/code/p_c_aux2_source_classifier_manifest_gen.py,07_pc_normal_classifier/experiments/efficientnet_b0_v4_20_supervised_aux_source_classifier_v1/code/p_c_aux2_source_classifier_manifest_gen.py
07_pc_normal_classifier,experiments/efficientnet_b0_v4_20_supervised_aux_source_classifier_v1/code/p_c_aux4_train_source_classifier.py,07_pc_normal_classifier/experiments/efficientnet_b0_v4_20_supervised_aux_source_classifier_v1/code/p_c_aux4_train_source_classifier.py
07_pc_normal_classifier,scripts/p_c_normal30a_masked_input_smoke_train.py,07_pc_normal_classifier/scripts/p_c_normal30a_masked_input_smoke_train.py
07_pc_normal_classifier,scripts/p_c_normal30b_masked_input_full_train.py,07_pc_normal_classifier/scripts/p_c_normal30b_masked_input_full_train.py
07_pc_normal_classifier,scripts/p_c_normal31_finalize.py,07_pc_normal_classifier/scripts/p_c_normal31_finalize.py
07_pc_normal_classifier,scripts/p_c_normal31_repaired_final_test_masked_comparison.py,07_pc_normal_classifier/scripts/p_c_normal31_repaired_final_test_masked_comparison.py
07_pc_normal_classifier,scripts/p_c_normal31b_zero_mask_patient_sanity_audit.py,07_pc_normal_classifier/scripts/p_c_normal31b_zero_mask_patient_sanity_audit.py
07_pc_normal_classifier,scripts/p_c_normal31c_low_mask_fn_caveat_addendum.py,07_pc_normal_classifier/scripts/p_c_normal31c_low_mask_fn_caveat_addendum.py
07_pc_normal_classifier,scripts/p_c_normal32_final_decision_checkpoint.py,07_pc_normal_classifier/scripts/p_c_normal32_final_decision_checkpoint.py
07_pc_normal_classifier,scripts/p_c_normal33_selected_candidate_handoff_package.py,07_pc_normal_classifier/scripts/p_c_normal33_selected_candidate_handoff_package.py
07_pc_normal_classifier,scripts/p_c_normal34_downstream_scoring_smoke.py,07_pc_normal_classifier/scripts/p_c_normal34_downstream_scoring_smoke.py
07_pc_normal_classifier,scripts/p_c_normal35_full_downstream_scoring.py,07_pc_normal_classifier/scripts/p_c_normal35_full_downstream_scoring.py
07_pc_normal_classifier,scripts/p_c_normal36_heatmap_preflight.py,07_pc_normal_classifier/scripts/p_c_normal36_heatmap_preflight.py
07_pc_normal_classifier,scripts/p_c_normal37_full_heatmap.py,07_pc_normal_classifier/scripts/p_c_normal37_full_heatmap.py
07_pc_normal_classifier,scripts/p_c_normal37b_heatmap_overlay.py,07_pc_normal_classifier/scripts/p_c_normal37b_heatmap_overlay.py
07_pc_normal_classifier,scripts/p_c_normal37c_full_slice_heatmap.py,07_pc_normal_classifier/scripts/p_c_normal37c_full_slice_heatmap.py
07_pc_normal_classifier,scripts/p_c_normal38_2p5d5ch_limited_smoke_train.py,07_pc_normal_classifier/scripts/p_c_normal38_2p5d5ch_limited_smoke_train.py
07_pc_normal_classifier,scripts/p_c_normal39_2p5d5ch_full_train_preflight.py,07_pc_normal_classifier/scripts/p_c_normal39_2p5d5ch_full_train_preflight.py
07_pc_normal_classifier,scripts/p_c_normal40_2p5d5ch_full_train.py,07_pc_normal_classifier/scripts/p_c_normal40_2p5d5ch_full_train.py
07_pc_normal_classifier,scripts/p_c_normal40a_5ch_preextract.py,07_pc_normal_classifier/scripts/p_c_normal40a_5ch_preextract.py
07_pc_normal_classifier,scripts/p_c_normal41_30b_vs_40_internal_val_comparison.py,07_pc_normal_classifier/scripts/p_c_normal41_30b_vs_40_internal_val_comparison.py
08_gradcam,scripts/p_c_normal37e_gradcam_pilot.py,08_gradcam/scripts/p_c_normal37e_gradcam_pilot.py
08_gradcam,scripts/p_c_normal37f_gradcam_mask_red.py,08_gradcam/scripts/p_c_normal37f_gradcam_mask_red.py
08_gradcam,scripts/p_c_normal37g_gradcam_heatmap.py,08_gradcam/scripts/p_c_normal37g_gradcam_heatmap.py
09_xai_cards,scripts/build_dynamic_ref_card_any_candidate_rd4ad_v1.py,09_xai_cards/scripts/build_dynamic_ref_card_any_candidate_rd4ad_v1.py
09_xai_cards,scripts/build_dynamic_ref_card_any_candidate_rd4ad_v1_panel4_clinical_compact.py,09_xai_cards/scripts/build_dynamic_ref_card_any_candidate_rd4ad_v1_panel4_clinical_compact.py
09_xai_cards,scripts/build_dynamic_ref_card_any_candidate_rd4ad_v1_panel4_clinical_readable.py,09_xai_cards/scripts/build_dynamic_ref_card_any_candidate_rd4ad_v1_panel4_clinical_readable.py
09_xai_cards,scripts/build_dynamic_ref_card_any_candidate_v1.py,09_xai_cards/scripts/build_dynamic_ref_card_any_candidate_v1.py
09_xai_cards,scripts/build_explanation_card_s1_reference_bank_full.py,09_xai_cards/scripts/build_explanation_card_s1_reference_bank_full.py
09_xai_cards,scripts/build_explanation_card_s1_reference_bank_smoke.py,09_xai_cards/scripts/build_explanation_card_s1_reference_bank_smoke.py
09_xai_cards,scripts/build_explanation_card_s3_expansion_cards_v1.py,09_xai_cards/scripts/build_explanation_card_s3_expansion_cards_v1.py
09_xai_cards,scripts/build_explanation_card_s3_expansion_cards_v2_fontfix_full.py,09_xai_cards/scripts/build_explanation_card_s3_expansion_cards_v2_fontfix_full.py
09_xai_cards,scripts/build_explanation_card_s3_expansion_cards_v2_fontfix_smoke.py,09_xai_cards/scripts/build_explanation_card_s3_expansion_cards_v2_fontfix_smoke.py
09_xai_cards,scripts/build_explanation_card_s3_prototype_cards.py,09_xai_cards/scripts/build_explanation_card_s3_prototype_cards.py
09_xai_cards,scripts/build_explanation_card_s3_prototype_cards_v2.py,09_xai_cards/scripts/build_explanation_card_s3_prototype_cards_v2.py
09_xai_cards,scripts/build_explanation_card_s3_prototype_cards_v3.py,09_xai_cards/scripts/build_explanation_card_s3_prototype_cards_v3.py
09_xai_cards,scripts/build_explanation_card_s3_prototype_manifest.py,09_xai_cards/scripts/build_explanation_card_s3_prototype_manifest.py
09_xai_cards,scripts/build_explanation_card_s4_reason_card_prototype_1case.py,09_xai_cards/scripts/build_explanation_card_s4_reason_card_prototype_1case.py
09_xai_cards,scripts/build_explanation_card_s4_reason_card_prototype_1case_v2.py,09_xai_cards/scripts/build_explanation_card_s4_reason_card_prototype_1case_v2.py
09_xai_cards,scripts/build_explanation_card_s4_reason_card_prototype_1case_v3.py,09_xai_cards/scripts/build_explanation_card_s4_reason_card_prototype_1case_v3.py
09_xai_cards,scripts/build_explanation_card_s4_reason_card_prototype_1case_v4.py,09_xai_cards/scripts/build_explanation_card_s4_reason_card_prototype_1case_v4.py
09_xai_cards,scripts/build_explanation_card_s4_reason_card_prototype_1case_v5.py,09_xai_cards/scripts/build_explanation_card_s4_reason_card_prototype_1case_v5.py
09_xai_cards,scripts/build_explanation_card_s4_reason_card_prototype_1case_v6_highres_ref.py,09_xai_cards/scripts/build_explanation_card_s4_reason_card_prototype_1case_v6_highres_ref.py
09_xai_cards,scripts/build_explanation_card_s4_reason_card_prototype_1case_v7_highres_multi_ref.py,09_xai_cards/scripts/build_explanation_card_s4_reason_card_prototype_1case_v7_highres_multi_ref.py
09_xai_cards,scripts/build_explanation_card_s4_reason_card_prototype_1case_v7_textfix.py,09_xai_cards/scripts/build_explanation_card_s4_reason_card_prototype_1case_v7_textfix.py
09_xai_cards,scripts/build_explanation_card_s4_reason_layer_ctstat_smoke.py,09_xai_cards/scripts/build_explanation_card_s4_reason_layer_ctstat_smoke.py
09_xai_cards,scripts/build_explanation_card_s4_reason_layer_integrated_smoke.py,09_xai_cards/scripts/build_explanation_card_s4_reason_layer_integrated_smoke.py
09_xai_cards,scripts/build_explanation_card_s4_reason_layer_integrated_smoke_v2.py,09_xai_cards/scripts/build_explanation_card_s4_reason_layer_integrated_smoke_v2.py
09_xai_cards,scripts/build_explanation_card_s4_reason_layer_integrated_smoke_v3.py,09_xai_cards/scripts/build_explanation_card_s4_reason_layer_integrated_smoke_v3.py
09_xai_cards,scripts/build_explanation_card_s4_reason_layer_metadata_smoke.py,09_xai_cards/scripts/build_explanation_card_s4_reason_layer_metadata_smoke.py
09_xai_cards,scripts/build_s5_coordinate_visual_audit_overlay_1case.py,09_xai_cards/scripts/build_s5_coordinate_visual_audit_overlay_1case.py
09_xai_cards,scripts/build_s5_coordinate_visual_audit_overlay_1case_v2_padim_window.py,09_xai_cards/scripts/build_s5_coordinate_visual_audit_overlay_1case_v2_padim_window.py
09_xai_cards,scripts/build_s5_coordinate_visual_audit_overlay_lung1_052_c3.py,09_xai_cards/scripts/build_s5_coordinate_visual_audit_overlay_lung1_052_c3.py
09_xai_cards,scripts/build_s5_demo_card_prototype_lung1_052_c3.py,09_xai_cards/scripts/build_s5_demo_card_prototype_lung1_052_c3.py
09_xai_cards,scripts/build_s5_demo_card_prototype_lung1_052_c3_efficientnet_v4_20_dynamicref_contextbox_layoutfix.py,09_xai_cards/scripts/build_s5_demo_card_prototype_lung1_052_c3_efficientnet_v4_20_dynamicref_contextbox_layoutfix.py
09_xai_cards,scripts/build_s5_demo_card_prototype_lung1_052_c3_efficientnet_v4_20_dynamicref_layoutfix.py,09_xai_cards/scripts/build_s5_demo_card_prototype_lung1_052_c3_efficientnet_v4_20_dynamicref_layoutfix.py
09_xai_cards,scripts/build_s5_demo_card_prototype_lung1_052_c3_efficientnet_v4_20_layoutfix.py,09_xai_cards/scripts/build_s5_demo_card_prototype_lung1_052_c3_efficientnet_v4_20_layoutfix.py
09_xai_cards,scripts/build_s5_demo_card_prototype_lung1_052_c3_efficientnet_v4_20_render.py,09_xai_cards/scripts/build_s5_demo_card_prototype_lung1_052_c3_efficientnet_v4_20_render.py
09_xai_cards,scripts/build_s5_demo_card_prototype_lung1_052_c3_efficientnet_v4_20_static.py,09_xai_cards/scripts/build_s5_demo_card_prototype_lung1_052_c3_efficientnet_v4_20_static.py
09_xai_cards,scripts/build_s5_demo_card_prototype_lung1_052_c3_v2_clinical_readable.py,09_xai_cards/scripts/build_s5_demo_card_prototype_lung1_052_c3_v2_clinical_readable.py
09_xai_cards,scripts/build_s5_demo_card_prototype_lung1_052_c3_v3_clinical_readable.py,09_xai_cards/scripts/build_s5_demo_card_prototype_lung1_052_c3_v3_clinical_readable.py
09_xai_cards,scripts/build_s5_demo_card_prototype_lung1_052_c3_v3b_reference_fov_fix.py,09_xai_cards/scripts/build_s5_demo_card_prototype_lung1_052_c3_v3b_reference_fov_fix.py
09_xai_cards,scripts/build_s5_demo_card_prototype_lung1_052_c3_v3c_reference_match.py,09_xai_cards/scripts/build_s5_demo_card_prototype_lung1_052_c3_v3c_reference_match.py
09_xai_cards,scripts/build_s5_demo_card_prototype_lung1_052_c3_v3c_reference_match_preflight.py,09_xai_cards/scripts/build_s5_demo_card_prototype_lung1_052_c3_v3c_reference_match_preflight.py
09_xai_cards,scripts/build_s5_demo_card_prototype_lung1_052_c3_v3d_panel1_v4_ref.py,09_xai_cards/scripts/build_s5_demo_card_prototype_lung1_052_c3_v3d_panel1_v4_ref.py
09_xai_cards,scripts/build_s5_demo_card_prototype_lung1_052_c3_v3d_panel1_v4_ref_preflight.py,09_xai_cards/scripts/build_s5_demo_card_prototype_lung1_052_c3_v3d_panel1_v4_ref_preflight.py
09_xai_cards,scripts/build_s5_demo_card_prototype_lung1_052_c3_v4_ref_update.py,09_xai_cards/scripts/build_s5_demo_card_prototype_lung1_052_c3_v4_ref_update.py
09_xai_cards,scripts/build_s5_demo_card_prototype_lung1_052_c3_v4_ref_update_panel1fix.py,09_xai_cards/scripts/build_s5_demo_card_prototype_lung1_052_c3_v4_ref_update_panel1fix.py
09_xai_cards,scripts/build_s5_padim_feature_contribution_1case.py,09_xai_cards/scripts/build_s5_padim_feature_contribution_1case.py
09_xai_cards,scripts/build_s5_padim_feature_contribution_candidate_a_lung1_052_c3.py,09_xai_cards/scripts/build_s5_padim_feature_contribution_candidate_a_lung1_052_c3.py
09_xai_cards,scripts/build_s5_padim_feature_reextract_1case.py,09_xai_cards/scripts/build_s5_padim_feature_reextract_1case.py
09_xai_cards,scripts/build_s5_padim_feature_reextract_candidate_a_lung1_052_c3.py,09_xai_cards/scripts/build_s5_padim_feature_reextract_candidate_a_lung1_052_c3.py
09_xai_cards,scripts/build_s5_patch_level_padim_contribution_map_1case.py,09_xai_cards/scripts/build_s5_patch_level_padim_contribution_map_1case.py
09_xai_cards,scripts/build_s5_patch_level_padim_contribution_map_lung1_052_c3.py,09_xai_cards/scripts/build_s5_patch_level_padim_contribution_map_lung1_052_c3.py
09_xai_cards,scripts/extract_explanation_card_s2_v2_candidates.py,09_xai_cards/scripts/extract_explanation_card_s2_v2_candidates.py
09_xai_cards,scripts/generate_s4_crop_full.py,09_xai_cards/scripts/generate_s4_crop_full.py
09_xai_cards,scripts/generate_s4_crop_smoke.py,09_xai_cards/scripts/generate_s4_crop_smoke.py
09_xai_cards,scripts/generate_s4_d2_union_crop_full.py,09_xai_cards/scripts/generate_s4_d2_union_crop_full.py
09_xai_cards,scripts/generate_s4_d2_union_manifest.py,09_xai_cards/scripts/generate_s4_d2_union_manifest.py
09_xai_cards,scripts/preflight_lung1_052_s5_demo_card_v4_reference_reflection.py,09_xai_cards/scripts/preflight_lung1_052_s5_demo_card_v4_reference_reflection.py
99_misc,scripts/analyze_candidate_fp_drivers.py,99_misc/scripts/analyze_candidate_fp_drivers.py
99_misc,scripts/analyze_central_distance_filter.py,99_misc/scripts/analyze_central_distance_filter.py
99_misc,scripts/analyze_lesion_hit_overlap.py,99_misc/scripts/analyze_lesion_hit_overlap.py
99_misc,scripts/analyze_lesion_screening.py,99_misc/scripts/analyze_lesion_screening.py
99_misc,scripts/analyze_roi_patch_reranking_v1.py,99_misc/scripts/analyze_roi_patch_reranking_v1.py
99_misc,scripts/analyze_stage1_dev_v1v2_vs_v2v2.py,99_misc/scripts/analyze_stage1_dev_v1v2_vs_v2v2.py
99_misc,scripts/build_hard_negative_top_score_context_overlay_png_pack.py,99_misc/scripts/build_hard_negative_top_score_context_overlay_png_pack.py
99_misc,scripts/build_hard_negative_top_score_qa_manifest.py,99_misc/scripts/build_hard_negative_top_score_qa_manifest.py
99_misc,scripts/build_hard_negative_top_score_qa_png_pack.py,99_misc/scripts/build_hard_negative_top_score_qa_png_pack.py
99_misc,scripts/build_normal_reference_bank_v4_lung1_052_crop_preview_actual.py,99_misc/scripts/build_normal_reference_bank_v4_lung1_052_crop_preview_actual.py
99_misc,scripts/build_normal_reference_bank_v4_lung1_052_crop_preview_preflight.py,99_misc/scripts/build_normal_reference_bank_v4_lung1_052_crop_preview_preflight.py
99_misc,scripts/build_normal_reference_bank_v4_lung_roi_position_metadata.py,99_misc/scripts/build_normal_reference_bank_v4_lung_roi_position_metadata.py
99_misc,scripts/build_normal_reference_bank_v4_lung_roi_position_preflight.py,99_misc/scripts/build_normal_reference_bank_v4_lung_roi_position_preflight.py
99_misc,scripts/build_reference_bank_v4_selected_cases_crop_preview.py,99_misc/scripts/build_reference_bank_v4_selected_cases_crop_preview.py
99_misc,scripts/build_rule_a_candidate_manifest.py,99_misc/scripts/build_rule_a_candidate_manifest.py
99_misc,scripts/build_stage1_dev_candidate_manifest.py,99_misc/scripts/build_stage1_dev_candidate_manifest.py
99_misc,scripts/check_path_resolver.py,99_misc/scripts/check_path_resolver.py
99_misc,scripts/check_positive_patch_in_lung.py,99_misc/scripts/check_positive_patch_in_lung.py
99_misc,scripts/close_handoff_multi_case_retrieval_v4.py,99_misc/scripts/close_handoff_multi_case_retrieval_v4.py
99_misc,scripts/compare_three_way.py,99_misc/scripts/compare_three_way.py
99_misc,scripts/create_lesion_stage_split.py,99_misc/scripts/create_lesion_stage_split.py
99_misc,scripts/create_split.py,99_misc/scripts/create_split.py
99_misc,scripts/efficientnet_selected_rule_stage2_holdout_sealed_eval_actual_prep.py,99_misc/scripts/efficientnet_selected_rule_stage2_holdout_sealed_eval_actual_prep.py
99_misc,scripts/export_raw_slices.py,99_misc/scripts/export_raw_slices.py
99_misc,scripts/extract_s5_candidate_roi_position_metadata_v4.py,99_misc/scripts/extract_s5_candidate_roi_position_metadata_v4.py
99_misc,scripts/generate_dynamic_normal_reference_bank_three_patients_v1.py,99_misc/scripts/generate_dynamic_normal_reference_bank_three_patients_v1.py
99_misc,scripts/generate_roi_patch_visual_review_pack_v1.py,99_misc/scripts/generate_roi_patch_visual_review_pack_v1.py
99_misc,scripts/generate_rule_b_candidates.py,99_misc/scripts/generate_rule_b_candidates.py
99_misc,scripts/generate_rule_c4_training_sampling.py,99_misc/scripts/generate_rule_c4_training_sampling.py
99_misc,scripts/generate_rule_c_candidates.py,99_misc/scripts/generate_rule_c_candidates.py
99_misc,scripts/generate_visualizations.py,99_misc/scripts/generate_visualizations.py
99_misc,scripts/make_dev_safe_mixed_error_review_pack.py,99_misc/scripts/make_dev_safe_mixed_error_review_pack.py
99_misc,scripts/make_dev_safe_mixed_error_visual_qa.py,99_misc/scripts/make_dev_safe_mixed_error_visual_qa.py
99_misc,scripts/p_c2_candidate_dryrun.py,99_misc/scripts/p_c2_candidate_dryrun.py
99_misc,scripts/p_c6_crop_smoke_validation.py,99_misc/scripts/p_c6_crop_smoke_validation.py
99_misc,scripts/p_c7_full_crop_generation_preflight.py,99_misc/scripts/p_c7_full_crop_generation_preflight.py
99_misc,scripts/phase5_66_unreviewed_threshold_prioritized_review.py,99_misc/scripts/phase5_66_unreviewed_threshold_prioritized_review.py
99_misc,scripts/phase5_67_unreviewed_p1_p2_visual_review_pack.py,99_misc/scripts/phase5_67_unreviewed_p1_p2_visual_review_pack.py
99_misc,scripts/phase5_68_unreviewed_p1_p2_gpt_visual_labels.py,99_misc/scripts/phase5_68_unreviewed_p1_p2_gpt_visual_labels.py
99_misc,scripts/phase5_69_expanded_fp_cause_summary.py,99_misc/scripts/phase5_69_expanded_fp_cause_summary.py
99_misc,scripts/phase5_77_weak_3d_merge_dry_run.py,99_misc/scripts/phase5_77_weak_3d_merge_dry_run.py
99_misc,scripts/phase5_78_diagnostic.py,99_misc/scripts/phase5_78_diagnostic.py
99_misc,scripts/phase5_79_visual_pack_preflight.py,99_misc/scripts/phase5_79_visual_pack_preflight.py
99_misc,scripts/phase5_80_weak_3d_visual_review_pack.py,99_misc/scripts/phase5_80_weak_3d_visual_review_pack.py
99_misc,scripts/phase5_88_hard_negative_candidate_policy_preflight.py,99_misc/scripts/phase5_88_hard_negative_candidate_policy_preflight.py
99_misc,scripts/phase5_89_hard_negative_candidate_manifest_preflight.py,99_misc/scripts/phase5_89_hard_negative_candidate_manifest_preflight.py
99_misc,scripts/phase5_93_expanded_hard_negative_candidate_sample_dry_run.py,99_misc/scripts/phase5_93_expanded_hard_negative_candidate_sample_dry_run.py
99_misc,scripts/phase5_95_expanded_candidate_visual_pack.py,99_misc/scripts/phase5_95_expanded_candidate_visual_pack.py
99_misc,scripts/phase6_2_model_forward_smoke_preflight.py,99_misc/scripts/phase6_2_model_forward_smoke_preflight.py
99_misc,scripts/phase7_1_v1v1_scoring_smoke.py,99_misc/scripts/phase7_1_v1v1_scoring_smoke.py
99_misc,scripts/phase7_2_v1v1_stage1_dev_full_scoring.py,99_misc/scripts/phase7_2_v1v1_stage1_dev_full_scoring.py
99_misc,scripts/phase7_5_v1v1_test_closure_report_v1.py,99_misc/scripts/phase7_5_v1v1_test_closure_report_v1.py
99_misc,scripts/phase7_7_v1v1_final_performance_closure.py,99_misc/scripts/phase7_7_v1v1_final_performance_closure.py
99_misc,scripts/phase8_0_stage2_holdout_final_eval_preflight.py,99_misc/scripts/phase8_0_stage2_holdout_final_eval_preflight.py
99_misc,scripts/phase8_1_stage2_holdout_manifest_crop_asset_preflight.py,99_misc/scripts/phase8_1_stage2_holdout_manifest_crop_asset_preflight.py
99_misc,scripts/phase8_1b_stage2_holdout_excluded_rows_audit.py,99_misc/scripts/phase8_1b_stage2_holdout_excluded_rows_audit.py
99_misc,scripts/phase8_2_stage2_holdout_crop_manifest_creation_preflight.py,99_misc/scripts/phase8_2_stage2_holdout_crop_manifest_creation_preflight.py
99_misc,scripts/phase8_2b_stage2_required_source_file_stat_preflight.py,99_misc/scripts/phase8_2b_stage2_required_source_file_stat_preflight.py
99_misc,scripts/phase8_2c_stage2_patch_coordinate_rule_preflight.py,99_misc/scripts/phase8_2c_stage2_patch_coordinate_rule_preflight.py
99_misc,scripts/phase8_2e1_stage2_manifest_fixed_value_safety_audit.py,99_misc/scripts/phase8_2e1_stage2_manifest_fixed_value_safety_audit.py
99_misc,scripts/phase8_2e_stage2_candidate_coordinate_manifest_validation.py,99_misc/scripts/phase8_2e_stage2_candidate_coordinate_manifest_validation.py
99_misc,scripts/phase8_2f_smoke_output_validation.py,99_misc/scripts/phase8_2f_smoke_output_validation.py
99_misc,scripts/phase8_2f_stage2_dedicated_6ch_crop_generation.py,99_misc/scripts/phase8_2f_stage2_dedicated_6ch_crop_generation.py
99_misc,scripts/phase8_2g_full_crop_output_validation.py,99_misc/scripts/phase8_2g_full_crop_output_validation.py
99_misc,scripts/phase8_3_stage2_scoring_smoke_preflight.py,99_misc/scripts/phase8_3_stage2_scoring_smoke_preflight.py
99_misc,scripts/phase8_3b_stage2_scoring_smoke.py,99_misc/scripts/phase8_3b_stage2_scoring_smoke.py
99_misc,scripts/phase8_3c_stage2_scoring_smoke_output_validation.py,99_misc/scripts/phase8_3c_stage2_scoring_smoke_output_validation.py
99_misc,scripts/phase8_4_stage2_full_scoring.py,99_misc/scripts/phase8_4_stage2_full_scoring.py
99_misc,scripts/phase8_4_stage2_full_scoring_preflight.py,99_misc/scripts/phase8_4_stage2_full_scoring_preflight.py
99_misc,scripts/phase8_5c_patient_label_definition_preflight.py,99_misc/scripts/phase8_5c_patient_label_definition_preflight.py
99_misc,scripts/phase8_6c_per_scan_proxy_analysis.py,99_misc/scripts/phase8_6c_per_scan_proxy_analysis.py
99_misc,scripts/pipeline_e2e_test.py,99_misc/scripts/pipeline_e2e_test.py
99_misc,scripts/preflight_lung1_052_v4_ref_update_panel1_aspect_fix.py,99_misc/scripts/preflight_lung1_052_v4_ref_update_panel1_aspect_fix.py
99_misc,scripts/preflight_selected_cases_crop_preview_v4.py,99_misc/scripts/preflight_selected_cases_crop_preview_v4.py
99_misc,scripts/rank_candidates.py,99_misc/scripts/rank_candidates.py
99_misc,scripts/ratio_adjusted_score_analysis.py,99_misc/scripts/ratio_adjusted_score_analysis.py
99_misc,scripts/rd_a0_existing_branch_audit.py,99_misc/scripts/rd_a0_existing_branch_audit.py
99_misc,scripts/rd_a1_normal_train_crop_subtype_audit.py,99_misc/scripts/rd_a1_normal_train_crop_subtype_audit.py
99_misc,scripts/rd_a2_normal_train_crop_visual_verify.py,99_misc/scripts/rd_a2_normal_train_crop_visual_verify.py
99_misc,scripts/rerun_multi_case_retrieval_dryrun_completed_roi_v4.py,99_misc/scripts/rerun_multi_case_retrieval_dryrun_completed_roi_v4.py
99_misc,scripts/retrieve_dynamic_normal_refs_three_patients.py,99_misc/scripts/retrieve_dynamic_normal_refs_three_patients.py
99_misc,scripts/review_selected_cases_crop_preview_visual_v4.py,99_misc/scripts/review_selected_cases_crop_preview_visual_v4.py
99_misc,scripts/rule_f_candidate_diagnostic.py,99_misc/scripts/rule_f_candidate_diagnostic.py
99_misc,scripts/rule_g_rank_based_candidate_diagnostic.py,99_misc/scripts/rule_g_rank_based_candidate_diagnostic.py
99_misc,scripts/rule_s6_gs2_sampling_design.py,99_misc/scripts/rule_s6_gs2_sampling_design.py
99_misc,scripts/run_stage1_dev_fallback_diagnostic.py,99_misc/scripts/run_stage1_dev_fallback_diagnostic.py
99_misc,scripts/run_stage1_dev_label_crop_ablation_diagnostic.py,99_misc/scripts/run_stage1_dev_label_crop_ablation_diagnostic.py
99_misc,scripts/run_weak_case_overlap_diagnostic.py,99_misc/scripts/run_weak_case_overlap_diagnostic.py
99_misc,scripts/s3_expansion_manifest_v1.py,99_misc/scripts/s3_expansion_manifest_v1.py
99_misc,scripts/score_hu_stat.py,99_misc/scripts/score_hu_stat.py
99_misc,scripts/summarize_normal_scores.py,99_misc/scripts/summarize_normal_scores.py
99_misc,scripts/test_nsclc_standalone.py,99_misc/scripts/test_nsclc_standalone.py
99_misc,scripts/tmp_lesion_overlap_analysis_phase545.py,99_misc/scripts/tmp_lesion_overlap_analysis_phase545.py
99_misc,scripts/tmp_p1p2_visual_review_helper_phase547.py,99_misc/scripts/tmp_p1p2_visual_review_helper_phase547.py
99_misc,scripts/tmp_review_priority_sheet_phase546.py,99_misc/scripts/tmp_review_priority_sheet_phase546.py
99_misc,scripts/validate_data.py,99_misc/scripts/validate_data.py
99_misc,scripts/validate_lesion_paths.py,99_misc/scripts/validate_lesion_paths.py
99_misc,scripts/validate_s4_full_crops.py,99_misc/scripts/validate_s4_full_crops.py
99_misc,scripts/visualize_dual_stage_overlay_review.py,99_misc/scripts/visualize_dual_stage_overlay_review.py
99_misc,scripts/visualize_lesion_screening.py,99_misc/scripts/visualize_lesion_screening.py
99_misc,scripts/visualize_lesion_v2_review.py,99_misc/scripts/visualize_lesion_v2_review.py
99_misc,scripts/weak_patient_lesion_score_diagnostic.py,99_misc/scripts/weak_patient_lesion_score_diagnostic.py
